freq,indic_bt,cpa2_1,s_adj,unit,geo\TIME_PERIOD	1954 	1955 	1956 	1957 	1958 	1959 	1960 	1961 	1962 	1963 	1964 	1965 	1966 	1967 	1968 	1969 	1970 	1971 	1972 	1973 	1974 	1975 	1976 	1977 	1978 	1979 	1980 	1981 	1982 	1983 	1984 	1985 	1986 	1987 	1988 	1989 	1990 	1991 	1992 	1993 	1994 	1995 	1996 	1997 	1998 	1999 	2000 	2001 	2002 	2003 	2004 	2005 	2006 	2007 	2008 	2009 	2010 	2011 	2012 	2013 	2014 	2015 	2016 	2017 	2018 	2019 	2020 	2021 	2022 	2023 	2024 
A,COST,CPA_F41001_X_410014,NSA,I15,AL	: 	: 	: 	: 	: 	: 	: 	: 	: 	: 	: 	: 	: 	: 	: 	: 	: 	: 	: 	: 	: 	: 	: 	: 	: 	: 	: 	: 	: 	: 	: 	: 	: 	: 	: 	: 	: 	: 	: 	: 	: 	: 	: 	: 	: 	: 	: 	: 	86.2 	88.6 	91.3 	92.5 	93.5 	95.9 	97.1 	97.1 	97.4 	97.8 	98.5 	99.4 	99.7 	100.0 	100.0 	100.7 	101.3 	101.5 	101.8 	103.7 	110.3 	: 	: 
A,COST,CPA_F41001_X_410014,NSA,I15,AT	: 	: 	: 	: 	: 	: 	: 	: 	: 	: 	: 	: 	: 	: 	: 	: 	: 	: 	: 	: 	: 	: 	: 	: 	: 	: 	: 	: 	: 	: 	: 	: 	: 	: 	: 	: 	49.1 i	51.3 i	53.8 i	56.3 i	58.4 i	60.4 i	61.3 i	63.0 i	64.4 i	65.7 i	67.1 	68.5 	69.6 	71.4 	75.0 	76.7 	80.2 	83.8 	88.2 	88.7 	91.5 	93.6 	95.6 	97.4 	98.5 	100.0 	100.7 	104.2 	107.2 	108.4 	109.3 	120.7 	132.9 	134.4 p	: 
A,COST,CPA_F41001_X_410014,NSA,I15,BG	: 	: 	: 	: 	: 	: 	: 	: 	: 	: 	: 	: 	: 	: 	: 	: 	: 	: 	: 	: 	: 	: 	: 	: 	: 	: 	: 	: 	: 	: 	: 	: 	: 	: 	: 	: 	: 	: 	: 	: 	: 	: 	: 	: 	: 	: 	: 	: 	: 	64.3 	66.2 	71.7 	76.0 	81.0 	91.1 	97.9 	96.6 	97.2 	96.6 	98.0 	98.7 	100.0 	100.8 	103.6 	106.6 	112.6 	115.2 	128.2 	196.4 p	228.2 p	: 
A,COST,CPA_F41001_X_410014,NSA,I15,CY	: 	: 	: 	: 	: 	: 	: 	: 	: 	: 	: 	: 	: 	: 	: 	: 	: 	: 	: 	: 	: 	: 	: 	: 	: 	: 	: 	: 	: 	: 	: 	: 	: 	: 	: 	: 	: 	: 	: 	: 	: 	: 	: 	: 	61.7 	61.6 	65.1 	67.4 	70.1 	73.8 	79.2 	82.7 	86.9 	91.2 	98.5 	99.3 	102.5 	106.0 	107.0 	102.7 	100.8 	100.0 	99.2 	99.3 	100.6 	102.8 	103.1 	109.7 	120.7 	: 	: 
A,COST,CPA_F41001_X_410014,NSA,I15,CZ	: 	: 	: 	: 	: 	: 	: 	: 	: 	: 	: 	: 	: 	: 	: 	: 	: 	: 	: 	: 	: 	: 	: 	: 	: 	: 	: 	: 	: 	: 	: 	: 	: 	: 	: 	: 	: 	: 	: 	: 	: 	: 	: 	: 	: 	: 	71.5 	73.9 	75.8 	77.3 	83.7 	86.9 	88.7 	92.9 	96.2 	95.9 	97.0 	98.7 	99.2 	98.8 	100.0 	100.0 	100.3 	103.0 	107.2 	113.1 	115.5 	125.1 	150.6 	: 	: 
A,COST,CPA_F41001_X_410014,NSA,I15,DE	: 	: 	: 	: 	: 	: 	: 	: 	: 	: 	: 	: 	: 	: 	: 	: 	: 	: 	: 	: 	: 	: 	: 	: 	: 	: 	: 	: 	: 	: 	: 	: 	: 	: 	: 	: 	: 	: 	: 	: 	: 	: 	: 	: 	: 	: 	76.4 	76.9 	77.6 	78.5 	80.6 	81.8 	83.8 	86.6 	89.5 	89.8 	91.8 	95.2 	97.1 	97.8 	98.7 	100.0 	101.3 	104.9 	108.6 	111.0 	113.2 	120.9 	137.4 	: 	: 
A,COST,CPA_F41001_X_410014,NSA,I15,DK	: 	: 	: 	: 	: 	: 	: 	: 	: 	: 	: 	: 	: 	: 	: 	: 	: 	: 	: 	: 	: 	: 	: 	: 	: 	: 	: 	: 	: 	: 	: 	: 	: 	: 	: 	: 	: 	: 	: 	: 	: 	60.1 	61.6 	63.3 	65.1 	67.2 	68.9 	71.1 	72.7 	74.3 	75.8 	77.6 	81.3 	86.4 	88.9 	88.6 	89.6 	92.8 	95.2 	96.6 	98.1 	100.0 	101.6 	102.4 	104.2 	105.0 	105.8 	110.0 	121.0 	: 	: 
A,COST,CPA_F41001_X_410014,NSA,I15,EA19	: 	: 	: 	: 	: 	: 	: 	: 	: 	: 	: 	: 	: 	: 	: 	: 	: 	: 	: 	: 	: 	: 	: 	: 	: 	: 	: 	: 	: 	: 	: 	: 	: 	: 	: 	: 	: 	: 	: 	: 	: 	: 	: 	: 	: 	: 	72.7 	74.0 	75.6 	77.0 	79.5 	81.7 	84.5 	87.9 	91.4 	91.8 	93.5 	96.5 	98.2 	98.8 	99.3 	100.0 	100.7 	103.0 	105.7 	107.4 	108.6 	115.4 	129.7 	: 	: 
A,COST,CPA_F41001_X_410014,NSA,I15,EA20	: 	: 	: 	: 	: 	: 	: 	: 	: 	: 	: 	: 	: 	: 	: 	: 	: 	: 	: 	: 	: 	: 	: 	: 	: 	: 	: 	: 	: 	: 	: 	: 	: 	: 	: 	: 	: 	: 	: 	: 	: 	: 	: 	: 	: 	: 	72.7 	74.0 	75.6 	77.0 	79.5 	81.7 	84.5 	87.9 	91.4 	91.8 	93.5 	96.5 	98.2 	98.8 	99.3 	100.0 	100.7 	103.0 	105.7 	107.4 	108.6 	115.4 	129.7 	: 	: 
A,COST,CPA_F41001_X_410014,NSA,I15,EE	: 	: 	: 	: 	: 	: 	: 	: 	: 	: 	: 	: 	: 	: 	: 	: 	: 	: 	: 	: 	: 	: 	: 	: 	: 	: 	: 	: 	: 	: 	: 	: 	: 	: 	: 	: 	: 	: 	: 	: 	: 	: 	: 	: 	57.1 	58.4 	59.7 	63.2 	65.6 	67.9 	71.5 	76.0 	83.9 	94.6 	97.9 	89.6 	87.3 	90.3 	94.2 	98.9 	99.1 	100.0 	99.6 	100.8 	102.7 	104.6 	105.1 	115.0 	135.9 	143.1 	: 
A,COST,CPA_F41001_X_410014,NSA,I15,EL	: 	: 	: 	: 	: 	: 	: 	: 	: 	: 	: 	: 	: 	: 	: 	: 	: 	: 	: 	: 	: 	: 	: 	: 	: 	: 	: 	: 	: 	: 	: 	: 	: 	: 	: 	: 	: 	: 	: 	: 	: 	: 	: 	: 	: 	: 	79.0 	81.1 	83.2 	85.5 	88.2 	91.2 	95.1 	99.4 	104.5 	104.2 	106.1 	107.2 	107.1 	105.6 	102.4 	100.0 	98.3 	98.5 	99.1 	99.2 	99.3 	102.6 	111.5 	118.5 	: 
A,COST,CPA_F41001_X_410014,NSA,I15,ES	: 	: 	: 	: 	: 	: 	: 	: 	: 	: 	: 	: 	: 	: 	: 	: 	: 	: 	: 	: 	: 	: 	: 	: 	: 	: 	22.4 i	25.9 i	29.2 i	32.6 i	35.9 i	39.0 i	41.3 i	42.8 i	44.6 i	47.2 i	49.8 i	51.9 i	54.1 i	56.0 i	57.8 i	60.6 i	62.3 i	63.6 i	64.7 i	65.7 i	68.6 	70.4 	71.6 	73.1 	76.5 	80.1 	85.6 	89.9 	94.1 	95.1 	97.5 p	101.2 	100.9 	101.2 	101.4 	100.0 	98.7 p	100.8 	103.3 	104.4 	103.6 	112.3 p	127.1 	128.8 p	: 
A,COST,CPA_F41001_X_410014,NSA,I15,EU27_2020	: 	: 	: 	: 	: 	: 	: 	: 	: 	: 	: 	: 	: 	: 	: 	: 	: 	: 	: 	: 	: 	: 	: 	: 	: 	: 	: 	: 	: 	: 	: 	: 	: 	: 	: 	: 	: 	: 	: 	: 	: 	: 	: 	: 	: 	: 	71.0 i	72.6 i	74.3 i	75.8 	78.5 	80.7 	83.7 	87.4 	91.0 	91.4 	93.1 	96.1 	97.9 	98.6 	99.2 	100.0 	100.8 	103.2 	106.1 	108.1 	109.4 	116.4 	131.1 i	: 	: 
A,COST,CPA_F41001_X_410014,NSA,I15,FI	: 	: 	: 	: 	: 	: 	: 	: 	: 	: 	: 	: 	: 	: 	: 	: 	: 	: 	: 	: 	: 	: 	: 	: 	: 	: 	: 	: 	: 	: 	: 	: 	: 	: 	: 	: 	: 	: 	: 	: 	: 	66.9 	66.2 	67.8 	69.4 	70.3 	72.5 	74.2 	74.8 	76.2 	78.1 	80.7 	83.8 	88.7 	92.2 	91.2 	92.2 	95.2 	97.6 	98.5 	99.5 	100.0 	100.5 	100.8 	103.1 e	104.1 e	103.9 e	109.5 e	118.5 e	122.1 e	: 
A,COST,CPA_F41001_X_410014,NSA,I15,HU	: 	: 	: 	: 	: 	: 	: 	: 	: 	: 	: 	: 	: 	: 	: 	: 	: 	: 	: 	: 	: 	: 	: 	: 	: 	: 	: 	: 	: 	: 	: 	: 	: 	: 	: 	: 	: 	: 	: 	: 	: 	: 	: 	: 	: 	45.6 e	50.8 e	56.5 e	59.9 e	62.2 e	65.8 e	68.1 e	72.1 e	77.6 e	83.4 e	85.9 e	85.6 e	86.1 e	90.2 e	94.4 e	96.7 e	100.0 e	101.6 e	108.6 e	114.4 e	125.7 e	139.4 e	161.3 e	: 	: 	: 
A,COST,CPA_F41001_X_410014,NSA,I15,IT	: 	: 	: 	: 	: 	: 	: 	: 	: 	: 	: 	: 	: 	: 	: 	: 	: 	: 	: 	: 	: 	: 	: 	: 	: 	: 	: 	: 	: 	: 	: 	: 	: 	: 	: 	: 	52.7 e	57.0 e	59.9 e	61.5 e	63.7 e	65.0 e	66.1 e	67.7 e	66.8 e	68.0 e	70.0 	71.5 	74.3 	76.6 	79.8 	83.0 	85.3 	88.4 	91.8 	92.6 	94.0 	96.9 	99.1 	99.7 	99.6 	100.0 	100.3 	100.9 	102.2 	102.8 	103.4 	107.4 	120.3 	122.7 p	: 
A,COST,CPA_F41001_X_410014,NSA,I15,LT	: 	: 	: 	: 	: 	: 	: 	: 	: 	: 	: 	: 	: 	: 	: 	: 	: 	: 	: 	: 	: 	: 	: 	: 	: 	: 	: 	: 	: 	: 	: 	: 	: 	: 	: 	: 	: 	: 	: 	: 	: 	: 	: 	: 	62.2 	63.2 	63.6 	62.9 	63.0 	63.9 	68.4 	74.1 	82.0 	95.2 	104.3 	89.2 	84.9 	88.1 	90.8 	94.9 	97.9 	100.0 	102.2 	106.5 	110.2 	115.6 	117.9 	125.7 	148.3 	159.0 	: 
A,COST,CPA_F41001_X_410014,NSA,I15,LV	: 	: 	: 	: 	: 	: 	: 	: 	: 	: 	: 	: 	: 	: 	: 	: 	: 	: 	: 	: 	: 	: 	: 	: 	: 	: 	: 	: 	: 	: 	: 	: 	: 	: 	: 	: 	: 	: 	: 	: 	: 	: 	: 	: 	: 	: 	44.0 e	43.0 e	43.5 e	46.2 e	50.3 e	56.3 e	76.9 	94.1 	102.3 	94.4 	87.3 	89.6 	92.3 	96.1 	96.8 	100.0 	105.7 	108.3 	113.2 	118.6 	127.3 	136.0 	154.2 	: 	: 
A,COST,CPA_F41001_X_410014,NSA,I15,ME	: 	: 	: 	: 	: 	: 	: 	: 	: 	: 	: 	: 	: 	: 	: 	: 	: 	: 	: 	: 	: 	: 	: 	: 	: 	: 	: 	: 	: 	: 	: 	: 	: 	: 	: 	: 	: 	: 	: 	: 	: 	: 	: 	: 	: 	: 	62.7 	66.5 	66.8 	71.2 	62.2 	75.0 	102.2 	127.9 	145.8 	124.1 	118.8 	126.6 	108.0 	111.1 	107.3 	100.0 	91.9 	97.9 	101.4 	108.5 	96.8 	113.6 	150.4 	: 	: 
A,COST,CPA_F41001_X_410014,NSA,I15,MK	: 	: 	: 	: 	: 	: 	: 	: 	: 	: 	: 	: 	: 	: 	: 	: 	: 	: 	: 	: 	: 	: 	: 	: 	: 	: 	: 	: 	: 	: 	: 	: 	: 	: 	: 	: 	: 	: 	: 	: 	: 	: 	: 	: 	: 	: 	: 	: 	: 	: 	: 	77.4 	84.3 	86.4 	90.4 	95.8 	93.7 	98.5 	100.1 	102.0 	101.7 	100.0 	97.6 	102.4 	108.5 	111.3 	112.6 	127.4 	155.4 	: 	: 
A,COST,CPA_F41001_X_410014,NSA,I15,MT	: 	: 	: 	: 	: 	: 	: 	: 	: 	: 	: 	: 	: 	: 	: 	: 	: 	: 	: 	: 	: 	: 	: 	: 	: 	: 	: 	: 	: 	: 	: 	: 	: 	: 	: 	: 	: 	: 	: 	: 	: 	: 	: 	: 	: 	: 	69.4 	73.8 	77.4 	79.2 	79.6 	80.6 	81.7 	90.3 	92.4 	93.9 	91.5 	92.9 	95.0 	96.5 	98.9 	100.0 p	102.2 p	103.9 p	105.1 p	106.2 p	106.6 p	119.9 p	149.7 p	: 	: 
A,COST,CPA_F41001_X_410014,NSA,I15,NL	: 	: 	: 	: 	: 	: 	: 	: 	: 	: 	: 	: 	: 	: 	: 	: 	: 	: 	: 	: 	: 	: 	: 	: 	: 	: 	: 	: 	: 	: 	: 	: 	: 	: 	: 	: 	: 	: 	: 	: 	: 	: 	: 	: 	: 	: 	74.5 	77.7 	80.0 	81.2 	81.7 	82.8 	85.5 	88.9 	93.0 	93.3 	93.6 	95.4 p	97.6 	97.8 	98.7 	100.0 	101.6 	103.9 	106.5 	109.5 	111.9 	116.9 	127.5 	134.2 p	: 
A,COST,CPA_F41001_X_410014,NSA,I15,NO	: 	: 	: 	: 	: 	: 	: 	: 	: 	: 	: 	: 	: 	: 	: 	: 	: 	: 	: 	: 	: 	: 	: 	: 	: 	: 	: 	: 	: 	: 	: 	: 	: 	: 	: 	: 	: 	: 	: 	: 	: 	: 	: 	: 	: 	: 	58.1 	60.9 	62.9 	64.8 	66.8 	69.0 	71.6 	76.9 	81.3 	83.2 	85.8 	89.0 	91.7 	94.4 	97.5 	100.0 	102.8 	105.4 	108.7 	111.6 	114.3 	124.2 	135.2 	141.1 	: 
A,COST,CPA_F41001_X_410014,NSA,I15,PT	: 	: 	: 	: 	: 	: 	: 	: 	: 	: 	: 	: 	: 	: 	: 	: 	: 	: 	: 	: 	: 	: 	: 	: 	: 	: 	: 	: 	: 	: 	: 	: 	: 	: 	: 	: 	: 	: 	: 	: 	: 	: 	: 	: 	: 	: 	76.0 	76.2 	78.4 	79.3 	82.6 	84.1 	86.9 	89.9 	95.5 	93.4 	94.9 	96.3 	96.9 	98.1 	98.8 	100.0 	101.2 	103.0 	105.4 	107.8 	110.1 	117.2 	131.5 	136.6 	: 
A,COST,CPA_F41001_X_410014,NSA,I15,RO	: 	: 	: 	: 	: 	: 	: 	: 	: 	: 	: 	: 	: 	: 	: 	: 	: 	: 	: 	: 	: 	: 	: 	: 	: 	: 	: 	: 	: 	: 	: 	: 	: 	: 	: 	: 	: 	: 	: 	: 	: 	: 	: 	: 	: 	: 	20.6 p	28.8 p	35.2 p	43.3 p	54.2 p	62.1 	68.9 	75.8 	88.1 	89.5 	91.2 	99.4 	105.8 	101.2 	100.7 	100.0 	100.8 	108.7 	121.4 p	133.3 p	135.9 p	148.5 	180.0 	209.3 	: 
A,COST,CPA_F41001_X_410014,NSA,I15,SE	: 	: 	: 	: 	: 	: 	: 	: 	: 	: 	: 	: 	: 	: 	: 	: 	: 	: 	: 	: 	: 	: 	: 	: 	: 	: 	: 	: 	: 	: 	: 	: 	: 	: 	: 	: 	45.4 	48.2 	48.6 	48.8 	50.0 	52.7 	54.6 	55.9 	57.5 	58.9 	61.2 	64.0 	66.2 	68.4 	71.1 	73.9 	77.6 	82.3 	86.3 	88.0 	90.3 	93.0 	95.4 	97.0 	97.8 	100.0 	102.2 	104.9 	109.0 	112.1 	111.9 	119.0 	133.5 	139.1 	: 
A,COST,CPA_F41001_X_410014,NSA,I15,SI	: 	: 	: 	: 	: 	: 	: 	: 	: 	: 	: 	: 	: 	: 	: 	: 	: 	: 	: 	: 	: 	: 	: 	: 	: 	: 	: 	: 	: 	: 	: 	: 	: 	: 	: 	: 	: 	: 	: 	: 	: 	: 	: 	: 	50.1 	53.2 	57.7 	64.0 	66.1 	70.1 	75.4 	78.9 	83.7 	89.5 	95.4 	92.4 	97.7 	102.1 	100.9 	99.8 	99.3 	100.0 	98.8 	103.5 	106.3 	109.6 	111.0 	122.9 	140.6 	: 	: 
A,COST,CPA_F41001_X_410014,NSA,I15,TR	: 	: 	: 	: 	: 	: 	: 	: 	: 	: 	: 	: 	: 	: 	: 	: 	: 	: 	: 	: 	: 	: 	: 	: 	: 	: 	: 	: 	: 	: 	: 	: 	: 	: 	: 	: 	: 	: 	: 	: 	: 	: 	: 	: 	: 	: 	14.7 	23.0 	31.3 	38.0 	43.5 	47.3 	54.8 	59.4 	67.6 	64.8 	68.5 	77.0 	81.2 	85.4 	94.4 	100.0 	112.8 	128.9 	161.4 	190.3 	214.8 	302.2 	603.3 	: 	: 
A,COST,CPA_F41001_X_410014,NSA,I21,AL	: 	: 	: 	: 	: 	: 	: 	: 	: 	: 	: 	: 	: 	: 	: 	: 	: 	: 	: 	: 	: 	: 	: 	: 	: 	: 	: 	: 	: 	: 	: 	: 	: 	: 	: 	: 	: 	: 	: 	: 	: 	: 	: 	: 	: 	: 	: 	: 	83.2 	85.4 	88.0 	89.2 	90.2 	92.5 	93.6 	93.6 	93.9 	94.4 	95.0 	95.9 	96.2 	96.4 	96.5 	97.1 	97.7 	97.9 	98.1 	100.0 	106.4 	111.2 	: 
A,COST,CPA_F41001_X_410014,NSA,I21,AT	: 	: 	: 	: 	: 	: 	: 	: 	: 	: 	: 	: 	: 	: 	: 	: 	: 	: 	: 	: 	: 	: 	: 	: 	: 	: 	: 	: 	: 	: 	: 	: 	: 	: 	: 	: 	40.7 i	42.5 i	44.6 i	46.7 i	48.3 i	50.0 i	50.8 i	52.2 i	53.3 i	54.4 i	55.6 	56.8 	57.6 	59.2 	62.2 	63.5 	66.4 	69.4 	73.0 	73.5 	75.8 	77.6 	79.2 	80.7 	81.6 	82.8 	83.4 	86.3 	88.8 	89.8 	90.5 	100.0 	110.1 	111.3 	115.4 p
A,COST,CPA_F41001_X_410014,NSA,I21,BG	: 	: 	: 	: 	: 	: 	: 	: 	: 	: 	: 	: 	: 	: 	: 	: 	: 	: 	: 	: 	: 	: 	: 	: 	: 	: 	: 	: 	: 	: 	: 	: 	: 	: 	: 	: 	: 	: 	: 	: 	: 	: 	: 	: 	: 	: 	: 	: 	: 	51.3 	52.8 	57.3 	60.8 	64.6 	72.4 	77.6 	76.4 	76.8 	76.3 	77.4 	77.8 	78.7 	79.2 	81.3 	83.5 	87.9 	89.8 	100.0 	154.8 p	180.1 p	: 
A,COST,CPA_F41001_X_410014,NSA,I21,CY	: 	: 	: 	: 	: 	: 	: 	: 	: 	: 	: 	: 	: 	: 	: 	: 	: 	: 	: 	: 	: 	: 	: 	: 	: 	: 	: 	: 	: 	: 	: 	: 	: 	: 	: 	: 	: 	: 	: 	: 	: 	: 	: 	: 	56.3 	56.2 	58.7 	60.8 	63.2 	66.6 	71.4 	74.6 	78.4 	82.3 	88.8 	89.6 	92.4 	95.6 	96.5 	92.6 	90.9 	90.2 	89.5 	89.6 	90.7 	92.7 	92.9 	100.0 	111.7 	114.5 	: 
A,COST,CPA_F41001_X_410014,NSA,I21,CZ	: 	: 	: 	: 	: 	: 	: 	: 	: 	: 	: 	: 	: 	: 	: 	: 	: 	: 	: 	: 	: 	: 	: 	: 	: 	: 	: 	: 	: 	: 	: 	: 	: 	: 	: 	: 	: 	: 	: 	: 	: 	: 	: 	: 	: 	: 	57.1 	59.1 	60.6 	61.8 	66.9 	69.4 	70.9 	74.3 	76.9 	76.7 	77.5 	78.9 	79.3 	79.0 	79.9 	80.0 	80.2 	82.4 	85.7 	90.4 	92.3 	100.0 	120.4 	125.7 	: 
A,COST,CPA_F41001_X_410014,NSA,I21,DE	: 	: 	: 	: 	: 	: 	: 	: 	: 	: 	: 	: 	: 	: 	: 	: 	: 	: 	: 	: 	: 	: 	: 	: 	: 	: 	: 	: 	: 	: 	: 	: 	: 	: 	: 	: 	: 	: 	: 	: 	: 	: 	: 	: 	: 	: 	63.2 	63.6 	64.2 	64.9 	66.6 	67.6 	69.3 	71.6 	74.0 	74.2 	75.9 	78.7 	80.3 	80.9 	81.6 	82.7 	83.8 	86.7 	89.8 	91.8 	93.6 	100.0 p	113.0 p	117.0 p	: 
A,COST,CPA_F41001_X_410014,NSA,I21,DK	: 	: 	: 	: 	: 	: 	: 	: 	: 	: 	: 	: 	: 	: 	: 	: 	: 	: 	: 	: 	: 	: 	: 	: 	: 	: 	: 	: 	: 	: 	: 	: 	: 	: 	: 	: 	: 	: 	: 	: 	: 	54.7 	56.1 	57.5 	59.2 	61.1 	62.7 	64.7 	66.1 	67.6 	69.0 	70.6 	73.9 	78.6 	80.9 	80.5 	81.5 	84.4 	86.6 	87.9 	89.3 	91.0 	92.4 	93.1 	94.8 	95.5 	96.2 	100.0 	110.0 	114.9 	: 
A,COST,CPA_F41001_X_410014,NSA,I21,EA19	: 	: 	: 	: 	: 	: 	: 	: 	: 	: 	: 	: 	: 	: 	: 	: 	: 	: 	: 	: 	: 	: 	: 	: 	: 	: 	: 	: 	: 	: 	: 	: 	: 	: 	: 	: 	: 	: 	: 	: 	: 	: 	: 	: 	: 	: 	63.1 	64.1 	65.3 	66.4 	68.4 	70.1 	72.2 	75.1 	77.9 	78.2 	79.7 	82.2 	83.8 	84.4 	84.9 	85.7 	86.4 	88.6 	91.2 	92.8 	94.1 	100.0 	112.1 	115.8 	: 
A,COST,CPA_F41001_X_410014,NSA,I21,EA20	: 	: 	: 	: 	: 	: 	: 	: 	: 	: 	: 	: 	: 	: 	: 	: 	: 	: 	: 	: 	: 	: 	: 	: 	: 	: 	: 	: 	: 	: 	: 	: 	: 	: 	: 	: 	: 	: 	: 	: 	: 	: 	: 	: 	: 	: 	63.1 	64.1 	65.3 	66.4 	68.4 	70.1 	72.2 	75.1 	77.9 	78.2 	79.7 	82.2 	83.8 	84.4 	84.9 	85.7 	86.4 	88.6 	91.2 	92.8 	94.1 	100.0 	112.1 	115.8 	: 
A,COST,CPA_F41001_X_410014,NSA,I21,EE	: 	: 	: 	: 	: 	: 	: 	: 	: 	: 	: 	: 	: 	: 	: 	: 	: 	: 	: 	: 	: 	: 	: 	: 	: 	: 	: 	: 	: 	: 	: 	: 	: 	: 	: 	: 	: 	: 	: 	: 	: 	: 	: 	: 	49.7 	50.8 	52.0 	54.9 	57.1 	59.1 	62.2 	66.1 	73.0 	82.2 	85.1 	78.0 	75.9 	78.5 	82.0 	86.0 	86.3 	87.0 	86.6 	87.7 	89.3 	91.0 	91.4 	100.0 	118.2 	124.4 	: 
A,COST,CPA_F41001_X_410014,NSA,I21,EL	: 	: 	: 	: 	: 	: 	: 	: 	: 	: 	: 	: 	: 	: 	: 	: 	: 	: 	: 	: 	: 	: 	: 	: 	: 	: 	: 	: 	: 	: 	: 	: 	: 	: 	: 	: 	: 	: 	: 	: 	: 	: 	: 	: 	: 	: 	77.0 	79.1 	81.1 	83.4 	86.0 	88.9 	92.7 	97.0 	102.0 	101.6 	103.5 	104.5 	104.4 	103.0 	99.9 	97.6 	95.9 	96.1 	96.6 	96.8 	96.9 	100.0 	108.8 	115.6 	: 
A,COST,CPA_F41001_X_410014,NSA,I21,ES	: 	: 	: 	: 	: 	: 	: 	: 	: 	: 	: 	: 	: 	: 	: 	: 	: 	: 	: 	: 	: 	: 	: 	: 	: 	: 	20.0 i	23.0 i	26.0 i	29.0 i	32.0 i	34.7 i	36.8 i	38.1 i	39.7 i	42.0 i	44.3 i	46.2 i	48.1 i	49.8 i	51.5 i	54.0 i	55.5 i	56.6 i	57.6 i	58.5 i	61.0 	62.7 	63.7 	65.1 	68.2 	71.3 	76.2 	80.0 	83.8 	84.7 	86.8 p	90.1 	89.9 	90.1 	90.3 	89.0 	87.9 p	89.8 	92.0 	92.9 	92.2 	100.0 	112.3 	115.0 	: 
A,COST,CPA_F41001_X_410014,NSA,I21,EU27_2020	: 	: 	: 	: 	: 	: 	: 	: 	: 	: 	: 	: 	: 	: 	: 	: 	: 	: 	: 	: 	: 	: 	: 	: 	: 	: 	: 	: 	: 	: 	: 	: 	: 	: 	: 	: 	: 	: 	: 	: 	: 	: 	: 	: 	: 	: 	61.4 i	62.6 i	63.8 i	65.1 	67.2 	68.9 	71.2 	74.2 	77.2 	77.5 	78.9 	81.5 	83.1 	83.7 	84.3 	85.1 	86.0 	88.2 	90.8 	92.6 	93.9 	100.0 	112.4 i	116.5 i	: 
A,COST,CPA_F41001_X_410014,NSA,I21,FI	: 	: 	: 	: 	: 	: 	: 	: 	: 	: 	: 	: 	: 	: 	: 	: 	: 	: 	: 	: 	: 	: 	: 	: 	: 	: 	: 	: 	: 	: 	: 	: 	: 	: 	: 	: 	: 	: 	: 	: 	: 	61.1 	60.4 	61.9 	63.3 	64.2 	66.2 	67.8 	68.3 	69.6 	71.3 	73.7 	76.5 	81.0 	84.2 	83.3 	84.2 	87.0 	89.1 	89.9 	90.8 	91.3 	91.8 	92.0 	94.1 e	95.1 e	94.8 e	100.0 e	108.2 e	111.5 e	110.6 e
A,COST,CPA_F41001_X_410014,NSA,I21,HU	: 	: 	: 	: 	: 	: 	: 	: 	: 	: 	: 	: 	: 	: 	: 	: 	: 	: 	: 	: 	: 	: 	: 	: 	: 	: 	: 	: 	: 	: 	: 	: 	: 	: 	: 	: 	: 	: 	: 	: 	: 	: 	: 	: 	: 	28.3 e	31.5 e	35.0 e	37.1 e	38.6 e	40.8 e	42.2 e	44.7 e	48.1 e	51.7 e	53.3 e	53.1 e	53.4 e	55.9 e	58.5 e	59.9 e	62.0 e	62.9 e	67.3 e	70.9 e	77.9 e	86.4 e	100.0 e	: 	: 	: 
A,COST,CPA_F41001_X_410014,NSA,I21,IT	: 	: 	: 	: 	: 	: 	: 	: 	: 	: 	: 	: 	: 	: 	: 	: 	: 	: 	: 	: 	: 	: 	: 	: 	: 	: 	: 	: 	: 	: 	: 	: 	: 	: 	: 	: 	49.1 e	53.1 e	55.7 e	57.3 e	59.3 e	60.5 e	61.5 e	63.1 e	62.2 e	63.2 e	65.1 	66.6 	69.2 	71.3 	74.2 	77.2 	79.4 	82.3 	85.4 	86.2 	87.5 	90.1 	92.2 	92.8 	92.7 	93.1 	93.4 	93.9 	95.2 	95.7 	96.2 	100.0 	111.9 	114.2 	: 
A,COST,CPA_F41001_X_410014,NSA,I21,LT	: 	: 	: 	: 	: 	: 	: 	: 	: 	: 	: 	: 	: 	: 	: 	: 	: 	: 	: 	: 	: 	: 	: 	: 	: 	: 	: 	: 	: 	: 	: 	: 	: 	: 	: 	: 	: 	: 	: 	: 	: 	: 	: 	: 	49.5 	50.3 	50.6 	50.1 	50.2 	50.8 	54.4 	58.9 	65.2 	75.7 	83.0 	70.9 	67.5 	70.1 	72.2 	75.5 	77.9 	79.6 	81.3 	84.7 	87.7 	92.0 	93.8 	100.0 	118.0 	126.5 	: 
A,COST,CPA_F41001_X_410014,NSA,I21,LV	: 	: 	: 	: 	: 	: 	: 	: 	: 	: 	: 	: 	: 	: 	: 	: 	: 	: 	: 	: 	: 	: 	: 	: 	: 	: 	: 	: 	: 	: 	: 	: 	: 	: 	: 	: 	: 	: 	: 	: 	: 	: 	: 	: 	: 	: 	32.3 e	31.6 e	32.0 e	34.0 e	37.0 e	41.4 e	56.5 	69.2 	75.2 	69.3 	64.2 	65.8 	67.9 	70.6 	71.1 	73.5 	77.7 	79.6 	83.2 	87.2 	93.6 	100.0 	113.3 	118.6 	: 
A,COST,CPA_F41001_X_410014,NSA,I21,ME	: 	: 	: 	: 	: 	: 	: 	: 	: 	: 	: 	: 	: 	: 	: 	: 	: 	: 	: 	: 	: 	: 	: 	: 	: 	: 	: 	: 	: 	: 	: 	: 	: 	: 	: 	: 	: 	: 	: 	: 	: 	: 	: 	: 	: 	: 	55.2 	58.6 	58.8 	62.7 	54.8 	66.1 	90.0 	112.6 	128.4 	109.3 	104.6 	111.5 	95.1 	97.9 	94.5 	88.1 	80.9 	86.2 	89.3 	95.6 	85.3 	100.0 	132.4 	157.2 	: 
A,COST,CPA_F41001_X_410014,NSA,I21,MK	: 	: 	: 	: 	: 	: 	: 	: 	: 	: 	: 	: 	: 	: 	: 	: 	: 	: 	: 	: 	: 	: 	: 	: 	: 	: 	: 	: 	: 	: 	: 	: 	: 	: 	: 	: 	: 	: 	: 	: 	: 	: 	: 	: 	: 	: 	: 	: 	: 	: 	: 	60.7 	66.2 	67.8 	71.0 	75.2 	73.5 	77.3 	78.6 	80.1 	79.8 	78.5 	76.6 	80.4 	85.2 	87.4 	88.4 	100.0 	123.7 	135.3 	: 
A,COST,CPA_F41001_X_410014,NSA,I21,MT	: 	: 	: 	: 	: 	: 	: 	: 	: 	: 	: 	: 	: 	: 	: 	: 	: 	: 	: 	: 	: 	: 	: 	: 	: 	: 	: 	: 	: 	: 	: 	: 	: 	: 	: 	: 	: 	: 	: 	: 	: 	: 	: 	: 	: 	: 	57.9 	61.6 	64.6 	66.1 	66.4 	67.3 	68.2 	75.3 	77.1 	78.3 	76.4 	77.5 	79.3 	80.5 	82.5 	83.4 p	85.3 p	86.7 p	87.7 p	88.6 p	88.9 p	100.0 p	119.1 p	118.8 p	: 
A,COST,CPA_F41001_X_410014,NSA,I21,NL	: 	: 	: 	: 	: 	: 	: 	: 	: 	: 	: 	: 	: 	: 	: 	: 	: 	: 	: 	: 	: 	: 	: 	: 	: 	: 	: 	: 	: 	: 	: 	: 	: 	: 	: 	: 	: 	: 	: 	: 	: 	: 	: 	: 	: 	: 	63.8 	66.5 	68.5 	69.4 	69.9 	70.9 	73.1 	76.1 	79.6 	79.8 	80.1 	81.6 p	83.5 	83.7 	84.4 	85.6 	87.0 	88.8 	91.1 	93.7 	95.7 	100.0 	109.1 	115.4 	: 
A,COST,CPA_F41001_X_410014,NSA,I21,NO	: 	: 	: 	: 	: 	: 	: 	: 	: 	: 	: 	: 	: 	: 	: 	: 	: 	: 	: 	: 	: 	: 	: 	: 	: 	: 	: 	: 	: 	: 	: 	: 	: 	: 	: 	: 	: 	: 	: 	: 	: 	: 	: 	: 	: 	: 	46.8 	49.0 	50.6 	52.2 	53.7 	55.6 	57.7 	61.9 	65.4 	67.0 	69.1 	71.6 	73.8 	76.0 	78.5 	80.5 	82.8 	84.8 	87.5 	89.8 	92.0 	100.0 	108.8 	113.6 	117.8 
A,COST,CPA_F41001_X_410014,NSA,I21,PT	: 	: 	: 	: 	: 	: 	: 	: 	: 	: 	: 	: 	: 	: 	: 	: 	: 	: 	: 	: 	: 	: 	: 	: 	: 	: 	: 	: 	: 	: 	: 	: 	: 	: 	: 	: 	: 	: 	: 	: 	: 	: 	: 	: 	: 	: 	64.9 	65.0 	66.8 	67.6 	70.4 	71.8 	74.2 	76.7 	81.5 	79.7 	81.0 	82.1 	82.6 	83.7 	84.3 	85.3 	86.3 	87.9 	89.9 	92.0 	93.9 	100.0 	112.2 	116.5 	: 
A,COST,CPA_F41001_X_410014,NSA,I21,RO	: 	: 	: 	: 	: 	: 	: 	: 	: 	: 	: 	: 	: 	: 	: 	: 	: 	: 	: 	: 	: 	: 	: 	: 	: 	: 	: 	: 	: 	: 	: 	: 	: 	: 	: 	: 	: 	: 	: 	: 	: 	: 	: 	: 	: 	: 	13.9 p	19.4 p	23.7 p	29.2 p	36.5 p	40.6 	45.0 	49.5 	57.6 	58.5 	59.6 	65.0 	69.2 	66.2 	65.8 	65.4 	65.9 	71.1 	79.9 	87.6 	88.8 	100.0 	119.0 	128.6 	: 
A,COST,CPA_F41001_X_410014,NSA,I21,RS	: 	: 	: 	: 	: 	: 	: 	: 	: 	: 	: 	: 	: 	: 	: 	: 	: 	: 	: 	: 	: 	: 	: 	: 	: 	: 	: 	: 	: 	: 	: 	: 	: 	: 	: 	: 	: 	: 	: 	: 	: 	: 	: 	: 	: 	: 	12.9 	23.3 	29.3 	33.6 	37.9 	43.3 	50.7 	55.7 	61.7 	64.7 	67.4 	71.0 	73.4 	75.1 	77.5 	79.9 	78.5 	81.2 	85.3 	90.5 	91.9 	100.0 	115.6 	125.3 	: 
A,COST,CPA_F41001_X_410014,NSA,I21,SE	: 	: 	: 	: 	: 	: 	: 	: 	: 	: 	: 	: 	: 	: 	: 	: 	: 	: 	: 	: 	: 	: 	: 	: 	: 	: 	: 	: 	: 	: 	: 	: 	: 	: 	: 	: 	38.2 	40.5 	40.8 	41.0 	42.0 	44.3 	45.9 	47.0 	48.3 	49.5 	51.5 	53.8 	55.6 	57.5 	59.8 	62.1 	65.2 	69.2 	72.6 	74.0 	75.9 	78.2 	80.2 	81.5 	82.2 	84.1 	85.9 	88.2 	91.7 	94.2 	94.1 	100.0 	112.3 	117.0 	: 
A,COST,CPA_F41001_X_410014,NSA,I21,SI	: 	: 	: 	: 	: 	: 	: 	: 	: 	: 	: 	: 	: 	: 	: 	: 	: 	: 	: 	: 	: 	: 	: 	: 	: 	: 	: 	: 	: 	: 	: 	: 	: 	: 	: 	: 	: 	: 	: 	: 	: 	: 	: 	: 	40.7 	43.3 	46.9 	52.1 	53.8 	57.0 	61.4 	64.2 	68.1 	72.8 	77.6 	75.2 	79.4 	83.1 	82.1 	81.2 	80.8 	81.3 	80.4 	84.2 	86.5 	89.2 	90.3 	100.0 	114.4 	122.8 	: 
A,COST,CPA_F41001_X_410014,NSA,I21,TR	: 	: 	: 	: 	: 	: 	: 	: 	: 	: 	: 	: 	: 	: 	: 	: 	: 	: 	: 	: 	: 	: 	: 	: 	: 	: 	: 	: 	: 	: 	: 	: 	: 	: 	: 	: 	: 	: 	: 	: 	: 	: 	: 	: 	: 	: 	4.9 	7.6 	10.4 	12.6 	14.4 	15.7 	18.1 	19.7 	22.4 	21.5 	22.7 	25.5 	26.9 	28.2 	31.2 	33.1 	37.3 	42.7 	53.4 	63.0 	71.1 	100.0 	199.7 	327.5 	: 
A,COST,CPA_F41001_X_410014,NSA,I21,UA	: 	: 	: 	: 	: 	: 	: 	: 	: 	: 	: 	: 	: 	: 	: 	: 	: 	: 	: 	: 	: 	: 	: 	: 	: 	: 	: 	: 	: 	: 	: 	: 	: 	: 	: 	: 	: 	: 	: 	: 	: 	: 	: 	: 	: 	: 	: 	: 	: 	: 	: 	: 	: 	: 	: 	: 	: 	: 	: 	: 	: 	: 	: 	: 	: 	: 	: 	100.0 	127.8 	148.6 	: 
A,COST,CPA_F41001_X_410014,NSA,PCH_SM,AL	: 	: 	: 	: 	: 	: 	: 	: 	: 	: 	: 	: 	: 	: 	: 	: 	: 	: 	: 	: 	: 	: 	: 	: 	: 	: 	: 	: 	: 	: 	: 	: 	: 	: 	: 	: 	: 	: 	: 	: 	: 	: 	: 	: 	: 	: 	: 	: 	: 	2.6 	3.0 	1.4 	1.1 	2.5 	1.2 	0.0 	0.3 	0.5 	0.6 	0.9 	0.3 	0.2 	0.1 	0.6 	0.6 	0.2 	0.2 	1.9 	6.4 	4.5 	: 
A,COST,CPA_F41001_X_410014,NSA,PCH_SM,AT	: 	: 	: 	: 	: 	: 	: 	: 	: 	: 	: 	: 	: 	: 	: 	: 	: 	: 	: 	: 	: 	: 	: 	: 	: 	: 	: 	: 	: 	: 	: 	: 	: 	: 	: 	: 	: 	4.4 i	4.9 i	4.7 i	3.4 i	3.5 i	1.6 i	2.8 i	2.1 i	2.1 i	2.2 i	2.2 	1.4 	2.8 	5.1 	2.1 	4.6 	4.5 	5.2 	0.7 	3.1 	2.4 	2.1 	1.9 	1.1 	1.5 	0.7 	3.5 	2.9 	1.1 	0.8 	10.5 	10.1 	1.1 	3.7 p
A,COST,CPA_F41001_X_410014,NSA,PCH_SM,BG	: 	: 	: 	: 	: 	: 	: 	: 	: 	: 	: 	: 	: 	: 	: 	: 	: 	: 	: 	: 	: 	: 	: 	: 	: 	: 	: 	: 	: 	: 	: 	: 	: 	: 	: 	: 	: 	: 	: 	: 	: 	: 	: 	: 	: 	: 	: 	: 	: 	: 	2.9 	8.5 	6.1 	6.3 	12.1 	7.2 	-1.5 	0.5 	-0.7 	1.4 	0.5 	1.2 	0.6 	2.7 	2.7 	5.3 	2.2 	11.4 	54.8 p	16.3 p	: 
A,COST,CPA_F41001_X_410014,NSA,PCH_SM,CY	: 	: 	: 	: 	: 	: 	: 	: 	: 	: 	: 	: 	: 	: 	: 	: 	: 	: 	: 	: 	: 	: 	: 	: 	: 	: 	: 	: 	: 	: 	: 	: 	: 	: 	: 	: 	: 	: 	: 	: 	: 	: 	: 	: 	: 	-0.2 	4.4 	3.6 	3.9 	5.4 	7.2 	4.5 	5.1 	5.0 	7.9 	0.9 	3.1 	3.5 	0.9 	-4.0 	-1.8 	-0.8 	-0.8 	0.1 	1.2 	2.2 	0.2 	7.6 	11.7 	2.5 	: 
A,COST,CPA_F41001_X_410014,NSA,PCH_SM,CZ	: 	: 	: 	: 	: 	: 	: 	: 	: 	: 	: 	: 	: 	: 	: 	: 	: 	: 	: 	: 	: 	: 	: 	: 	: 	: 	: 	: 	: 	: 	: 	: 	: 	: 	: 	: 	: 	: 	: 	: 	: 	: 	: 	: 	: 	: 	: 	3.5 	2.5 	2.0 	8.3 	3.7 	2.2 	4.8 	3.5 	-0.3 	1.0 	1.8 	0.5 	-0.4 	1.1 	0.1 	0.2 	2.7 	4.0 	5.5 	2.1 	8.3 	20.4 	4.4 	: 
A,COST,CPA_F41001_X_410014,NSA,PCH_SM,DE	: 	: 	: 	: 	: 	: 	: 	: 	: 	: 	: 	: 	: 	: 	: 	: 	: 	: 	: 	: 	: 	: 	: 	: 	: 	: 	: 	: 	: 	: 	: 	: 	: 	: 	: 	: 	: 	: 	: 	: 	: 	: 	: 	: 	: 	: 	: 	0.6 	0.9 	1.1 	2.6 	1.5 	2.5 	3.3 	3.4 	0.3 	2.3 	3.7 	2.0 	0.7 	0.9 	1.3 	1.3 	3.5 	3.6 	2.2 	2.0 	6.8 p	13.0 p	3.5 p	: 
A,COST,CPA_F41001_X_410014,NSA,PCH_SM,DK	: 	: 	: 	: 	: 	: 	: 	: 	: 	: 	: 	: 	: 	: 	: 	: 	: 	: 	: 	: 	: 	: 	: 	: 	: 	: 	: 	: 	: 	: 	: 	: 	: 	: 	: 	: 	: 	: 	: 	: 	: 	: 	2.6 	2.5 	3.0 	3.2 	2.6 	3.2 	2.2 	2.3 	2.1 	2.3 	4.7 	6.4 	2.9 	-0.5 	1.2 	3.6 	2.6 	1.5 	1.6 	1.9 	1.5 	0.8 	1.8 	0.7 	0.7 	4.0 	10.0 	4.5 	: 
A,COST,CPA_F41001_X_410014,NSA,PCH_SM,EA19	: 	: 	: 	: 	: 	: 	: 	: 	: 	: 	: 	: 	: 	: 	: 	: 	: 	: 	: 	: 	: 	: 	: 	: 	: 	: 	: 	: 	: 	: 	: 	: 	: 	: 	: 	: 	: 	: 	: 	: 	: 	: 	: 	: 	: 	: 	: 	1.6 	1.9 	1.7 	3.0 	2.5 	3.0 	4.0 	3.7 	0.4 	1.9 	3.1 	1.9 	0.7 	0.6 	0.9 	0.8 	2.5 	2.9 	1.8 	1.4 	6.3 	12.1 	3.3 	: 
A,COST,CPA_F41001_X_410014,NSA,PCH_SM,EA20	: 	: 	: 	: 	: 	: 	: 	: 	: 	: 	: 	: 	: 	: 	: 	: 	: 	: 	: 	: 	: 	: 	: 	: 	: 	: 	: 	: 	: 	: 	: 	: 	: 	: 	: 	: 	: 	: 	: 	: 	: 	: 	: 	: 	: 	: 	: 	1.6 	1.9 	1.7 	3.0 	2.5 	3.0 	4.0 	3.7 	0.4 	1.9 	3.1 	1.9 	0.7 	0.6 	0.9 	0.8 	2.5 	2.9 	1.8 	1.4 	6.3 	12.1 	3.3 	: 
A,COST,CPA_F41001_X_410014,NSA,PCH_SM,EE	: 	: 	: 	: 	: 	: 	: 	: 	: 	: 	: 	: 	: 	: 	: 	: 	: 	: 	: 	: 	: 	: 	: 	: 	: 	: 	: 	: 	: 	: 	: 	: 	: 	: 	: 	: 	: 	: 	: 	: 	: 	: 	: 	: 	: 	2.2 	2.4 	5.6 	4.0 	3.5 	5.2 	6.3 	10.4 	12.6 	3.5 	-8.3 	-2.7 	3.4 	4.5 	4.9 	0.3 	0.8 	-0.5 	1.3 	1.8 	1.9 	0.4 	9.4 	18.2 	5.2 	: 
A,COST,CPA_F41001_X_410014,NSA,PCH_SM,EL	: 	: 	: 	: 	: 	: 	: 	: 	: 	: 	: 	: 	: 	: 	: 	: 	: 	: 	: 	: 	: 	: 	: 	: 	: 	: 	: 	: 	: 	: 	: 	: 	: 	: 	: 	: 	: 	: 	: 	: 	: 	: 	: 	: 	: 	: 	: 	2.7 	2.5 	2.8 	3.1 	3.4 	4.3 	4.6 	5.2 	-0.4 	1.9 	1.0 	-0.1 	-1.3 	-3.0 	-2.3 	-1.7 	0.2 	0.5 	0.2 	0.1 	3.2 	8.8 	6.3 	: 
A,COST,CPA_F41001_X_410014,NSA,PCH_SM,ES	: 	: 	: 	: 	: 	: 	: 	: 	: 	: 	: 	: 	: 	: 	: 	: 	: 	: 	: 	: 	: 	: 	: 	: 	: 	: 	: 	15.0 i	13.0 i	11.5 i	10.3 i	8.4 i	6.1 i	3.5 i	4.2 i	5.8 i	5.5 i	4.3 i	4.1 i	3.5 i	3.4 i	4.9 i	2.8 i	2.0 i	1.8 i	1.6 i	4.3 i	2.8 	1.6 	2.2 	4.8 	4.5 	6.9 	5.0 	4.7 	1.1 	2.5 p	3.8 p	-0.2 	0.2 	0.2 	-1.4 	-1.2 p	2.2 p	2.4 	1.0 	-0.8 	8.5 	12.3 	2.4 	: 
A,COST,CPA_F41001_X_410014,NSA,PCH_SM,EU27_2020	: 	: 	: 	: 	: 	: 	: 	: 	: 	: 	: 	: 	: 	: 	: 	: 	: 	: 	: 	: 	: 	: 	: 	: 	: 	: 	: 	: 	: 	: 	: 	: 	: 	: 	: 	: 	: 	: 	: 	: 	: 	: 	: 	: 	: 	: 	: 	2.0 i	1.9 i	2.0 i	3.2 	2.5 	3.3 	4.2 	4.0 	0.4 	1.8 	3.3 	2.0 	0.7 	0.7 	0.9 	1.1 	2.6 	2.9 	2.0 	1.4 	6.5 	12.4 i	3.6 i	: 
A,COST,CPA_F41001_X_410014,NSA,PCH_SM,FI	: 	: 	: 	: 	: 	: 	: 	: 	: 	: 	: 	: 	: 	: 	: 	: 	: 	: 	: 	: 	: 	: 	: 	: 	: 	: 	: 	: 	: 	: 	: 	: 	: 	: 	: 	: 	: 	: 	: 	: 	: 	: 	-1.1 	2.5 	2.3 	1.4 	3.1 	2.4 	0.7 	1.9 	2.4 	3.4 	3.8 	5.9 	4.0 	-1.1 	1.1 	3.3 	2.4 	0.9 	1.0 	0.6 	0.5 	0.2 	2.3 e	1.1 e	-0.3 e	5.5 e	8.2 e	3.0 e	-0.8 e
A,COST,CPA_F41001_X_410014,NSA,PCH_SM,HU	: 	: 	: 	: 	: 	: 	: 	: 	: 	: 	: 	: 	: 	: 	: 	: 	: 	: 	: 	: 	: 	: 	: 	: 	: 	: 	: 	: 	: 	: 	: 	: 	: 	: 	: 	: 	: 	: 	: 	: 	: 	: 	: 	: 	: 	: 	11.3 e	11.1 e	6.0 e	4.0 e	5.7 e	3.4 e	5.9 e	7.6 e	7.5 e	3.1 e	-0.4 e	0.6 e	4.7 e	4.7 e	2.4 e	3.5 e	1.5 e	7.0 e	5.3 e	9.9 e	10.9 e	15.7 e	: 	: 	: 
A,COST,CPA_F41001_X_410014,NSA,PCH_SM,IT	: 	: 	: 	: 	: 	: 	: 	: 	: 	: 	: 	: 	: 	: 	: 	: 	: 	: 	: 	: 	: 	: 	: 	: 	: 	: 	: 	: 	: 	: 	: 	: 	: 	: 	: 	: 	: 	8.1 e	4.9 e	2.9 e	3.5 e	2.0 e	1.7 e	2.6 e	-1.4 e	1.6 e	3.0 e	2.3 	3.9 	3.0 	4.1 	4.0 	2.8 	3.7 	3.8 	0.9 	1.5 	3.0 	2.3 	0.7 	-0.1 	0.4 	0.3 	0.5 	1.4 	0.5 	0.5 	4.0 	11.9 	2.1 	: 
A,COST,CPA_F41001_X_410014,NSA,PCH_SM,LT	: 	: 	: 	: 	: 	: 	: 	: 	: 	: 	: 	: 	: 	: 	: 	: 	: 	: 	: 	: 	: 	: 	: 	: 	: 	: 	: 	: 	: 	: 	: 	: 	: 	: 	: 	: 	: 	: 	: 	: 	: 	: 	: 	: 	: 	1.6 	0.6 	-1.0 	0.2 	1.2 	7.1 	8.3 	10.7 	16.1 	9.6 	-14.6 	-4.8 	3.9 	3.0 	4.6 	3.2 	2.2 	2.1 	4.2 	3.5 	4.9 	2.0 	6.6 	18.0 	7.2 	: 
A,COST,CPA_F41001_X_410014,NSA,PCH_SM,LV	: 	: 	: 	: 	: 	: 	: 	: 	: 	: 	: 	: 	: 	: 	: 	: 	: 	: 	: 	: 	: 	: 	: 	: 	: 	: 	: 	: 	: 	: 	: 	: 	: 	: 	: 	: 	: 	: 	: 	: 	: 	: 	: 	: 	: 	: 	: 	-2.2 e	1.3 e	6.3 e	8.8 e	11.9 e	36.5 e	22.5 	8.7 	-7.8 	-7.4 	2.5 	3.2 	4.0 	0.7 	3.4 	5.7 	2.4 	4.5 	4.8 	7.3 	6.8 	13.3 	4.7 	: 
A,COST,CPA_F41001_X_410014,NSA,PCH_SM,ME	: 	: 	: 	: 	: 	: 	: 	: 	: 	: 	: 	: 	: 	: 	: 	: 	: 	: 	: 	: 	: 	: 	: 	: 	: 	: 	: 	: 	: 	: 	: 	: 	: 	: 	: 	: 	: 	: 	: 	: 	: 	: 	: 	: 	: 	: 	: 	6.2 	0.3 	6.6 	-12.6 	20.6 	36.2 	25.1 	14.0 	-14.9 	-4.3 	6.6 	-14.7 	2.9 	-3.5 	-6.8 	-8.2 	6.6 	3.6 	7.1 	-10.8 	17.2 	32.4 	18.7 	: 
A,COST,CPA_F41001_X_410014,NSA,PCH_SM,MK	: 	: 	: 	: 	: 	: 	: 	: 	: 	: 	: 	: 	: 	: 	: 	: 	: 	: 	: 	: 	: 	: 	: 	: 	: 	: 	: 	: 	: 	: 	: 	: 	: 	: 	: 	: 	: 	: 	: 	: 	: 	: 	: 	: 	: 	: 	: 	: 	: 	: 	: 	: 	9.1 	2.4 	4.7 	5.9 	-2.3 	5.2 	1.7 	1.9 	-0.4 	-1.6 	-2.4 	5.0 	6.0 	2.6 	1.1 	13.1 	23.7 	9.4 	: 
A,COST,CPA_F41001_X_410014,NSA,PCH_SM,MT	: 	: 	: 	: 	: 	: 	: 	: 	: 	: 	: 	: 	: 	: 	: 	: 	: 	: 	: 	: 	: 	: 	: 	: 	: 	: 	: 	: 	: 	: 	: 	: 	: 	: 	: 	: 	: 	: 	: 	: 	: 	: 	: 	: 	: 	: 	: 	6.4 	4.9 	2.3 	0.5 	1.4 	1.3 	10.4 	2.4 	1.6 	-2.4 	1.4 	2.3 	1.5 	2.5 	1.1 p	2.3 p	1.6 p	1.2 p	1.0 p	0.3 p	12.5 p	19.1 p	-0.3 p	: 
A,COST,CPA_F41001_X_410014,NSA,PCH_SM,NL	: 	: 	: 	: 	: 	: 	: 	: 	: 	: 	: 	: 	: 	: 	: 	: 	: 	: 	: 	: 	: 	: 	: 	: 	: 	: 	: 	: 	: 	: 	: 	: 	: 	: 	: 	: 	: 	: 	: 	: 	: 	: 	: 	: 	: 	: 	: 	4.2 	3.0 	1.3 	0.7 	1.4 	3.1 	4.1 	4.6 	0.3 	0.4 	1.9 p	2.3 p	0.2 	0.8 	1.4 	1.6 	2.1 	2.6 	2.9 	2.1 	4.5 	9.1 	5.8 	: 
A,COST,CPA_F41001_X_410014,NSA,PCH_SM,NO	: 	: 	: 	: 	: 	: 	: 	: 	: 	: 	: 	: 	: 	: 	: 	: 	: 	: 	: 	: 	: 	: 	: 	: 	: 	: 	: 	: 	: 	: 	: 	: 	: 	: 	: 	: 	: 	: 	: 	: 	: 	: 	: 	: 	: 	: 	: 	4.7 	3.3 	3.2 	2.9 	3.5 	3.8 	7.3 	5.7 	2.4 	3.1 	3.6 	3.1 	3.0 	3.3 	2.5 	2.9 	2.4 	3.2 	2.6 	2.4 	8.7 	8.8 	4.4 	3.7 
A,COST,CPA_F41001_X_410014,NSA,PCH_SM,PT	: 	: 	: 	: 	: 	: 	: 	: 	: 	: 	: 	: 	: 	: 	: 	: 	: 	: 	: 	: 	: 	: 	: 	: 	: 	: 	: 	: 	: 	: 	: 	: 	: 	: 	: 	: 	: 	: 	: 	: 	: 	: 	: 	: 	: 	: 	: 	0.2 	2.8 	1.2 	4.1 	2.0 	3.3 	3.4 	6.3 	-2.2 	1.6 	1.4 	0.6 	1.3 	0.7 	1.2 	1.2 	1.9 	2.3 	2.3 	2.1 	6.5 	12.2 	3.8 	: 
A,COST,CPA_F41001_X_410014,NSA,PCH_SM,RO	: 	: 	: 	: 	: 	: 	: 	: 	: 	: 	: 	: 	: 	: 	: 	: 	: 	: 	: 	: 	: 	: 	: 	: 	: 	: 	: 	: 	: 	: 	: 	: 	: 	: 	: 	: 	: 	: 	: 	: 	: 	: 	: 	: 	: 	: 	: 	39.6 p	22.2 p	23.2 p	25.0 p	11.2 p	10.8 	10.0 	16.4 	1.6 	1.9 	9.1 	6.5 	-4.3 	-0.6 	-0.6 	0.8 	7.9 	12.4 	9.6 	1.4 	12.6 	19.0 	8.1 	: 
A,COST,CPA_F41001_X_410014,NSA,PCH_SM,RS	: 	: 	: 	: 	: 	: 	: 	: 	: 	: 	: 	: 	: 	: 	: 	: 	: 	: 	: 	: 	: 	: 	: 	: 	: 	: 	: 	: 	: 	: 	: 	: 	: 	: 	: 	: 	: 	: 	: 	: 	: 	: 	: 	: 	: 	: 	: 	80.6 	25.8 	14.7 	12.8 	14.2 	17.1 	9.9 	10.8 	4.9 	4.2 	5.3 	3.4 	2.3 	3.2 	3.1 	-1.8 	3.4 	5.0 	6.1 	1.5 	8.8 	15.6 	8.4 	: 
A,COST,CPA_F41001_X_410014,NSA,PCH_SM,SE	: 	: 	: 	: 	: 	: 	: 	: 	: 	: 	: 	: 	: 	: 	: 	: 	: 	: 	: 	: 	: 	: 	: 	: 	: 	: 	: 	: 	: 	: 	: 	: 	: 	: 	: 	: 	: 	6.0 	0.7 	0.5 	2.4 	5.5 	3.6 	2.4 	2.8 	2.5 	4.0 	4.5 	3.3 	3.4 	4.0 	3.8 	5.0 	6.1 	4.9 	1.9 	2.6 	3.0 	2.6 	1.6 	0.9 	2.3 	2.1 	2.7 	4.0 	2.7 	-0.1 	6.3 	12.3 	4.2 	: 
A,COST,CPA_F41001_X_410014,NSA,PCH_SM,SI	: 	: 	: 	: 	: 	: 	: 	: 	: 	: 	: 	: 	: 	: 	: 	: 	: 	: 	: 	: 	: 	: 	: 	: 	: 	: 	: 	: 	: 	: 	: 	: 	: 	: 	: 	: 	: 	: 	: 	: 	: 	: 	: 	: 	: 	6.4 	8.3 	11.1 	3.3 	5.9 	7.7 	4.6 	6.1 	6.9 	6.6 	-3.1 	5.6 	4.7 	-1.2 	-1.1 	-0.5 	0.6 	-1.1 	4.7 	2.7 	3.1 	1.2 	10.7 	14.4 	7.3 	: 
A,COST,CPA_F41001_X_410014,NSA,PCH_SM,TR	: 	: 	: 	: 	: 	: 	: 	: 	: 	: 	: 	: 	: 	: 	: 	: 	: 	: 	: 	: 	: 	: 	: 	: 	: 	: 	: 	: 	: 	: 	: 	: 	: 	: 	: 	: 	: 	: 	: 	: 	: 	: 	: 	: 	: 	: 	: 	55.1 	36.8 	21.2 	14.3 	9.0 	15.3 	8.8 	13.7 	-4.0 	5.6 	12.3 	5.5 	4.8 	10.6 	6.1 	12.7 	14.5 	25.1 	18.0 	12.9 	40.6 	99.7 	64.0 	: 
A,COST,CPA_F41001_X_410014,NSA,PCH_SM,UA	: 	: 	: 	: 	: 	: 	: 	: 	: 	: 	: 	: 	: 	: 	: 	: 	: 	: 	: 	: 	: 	: 	: 	: 	: 	: 	: 	: 	: 	: 	: 	: 	: 	: 	: 	: 	: 	: 	: 	: 	: 	: 	: 	: 	: 	: 	: 	: 	: 	: 	: 	: 	: 	: 	: 	: 	: 	: 	: 	: 	: 	: 	: 	: 	: 	: 	: 	: 	27.8 	16.3 	: 
A,PRC_PRR,CPA_F41001_X_410014,NSA,I15,AL	: 	: 	: 	: 	: 	: 	: 	: 	: 	: 	: 	: 	: 	: 	: 	: 	: 	: 	: 	: 	: 	: 	: 	: 	: 	: 	: 	: 	: 	: 	: 	: 	: 	: 	: 	: 	: 	: 	: 	: 	: 	: 	: 	: 	: 	: 	: 	: 	86.2 i	88.6 i	91.3 i	92.5 i	93.5 i	95.9 i	97.1 i	97.1 i	97.4 i	97.8 i	98.5 i	99.4 i	99.7 i	100.0 i	100.0 i	100.7 i	101.3 i	101.5 i	101.8 i	103.7 i	110.3 i	: 	: 
A,PRC_PRR,CPA_F41001_X_410014,NSA,I15,AT	: 	: 	: 	: 	: 	: 	: 	: 	: 	: 	: 	: 	: 	: 	: 	: 	: 	: 	: 	: 	: 	: 	: 	: 	: 	: 	: 	: 	: 	: 	: 	: 	: 	: 	: 	: 	: 	: 	: 	: 	: 	65.2 i	66.1 i	67.0 i	67.8 i	68.3 i	69.4 i	70.5 i	71.4 i	72.4 i	74.4 i	76.2 	78.4 	81.7 	85.5 	87.5 	89.1 	91.6 	93.9 	96.2 	98.4 	100.0 	101.8 	104.6 	108.4 	112.0 	115.6 	124.8 	143.5 	154.2 	: 
A,PRC_PRR,CPA_F41001_X_410014,NSA,I15,BA	: 	: 	: 	: 	: 	: 	: 	: 	: 	: 	: 	: 	: 	: 	: 	: 	: 	: 	: 	: 	: 	: 	: 	: 	: 	: 	: 	: 	: 	: 	: 	: 	: 	: 	: 	: 	: 	: 	: 	: 	: 	: 	: 	: 	: 	: 	: 	: 	: 	: 	: 	: 	: 	: 	: 	: 	: 	: 	: 	: 	: 	: 	100.4 	101.2 	102.2 	103.2 	104.4 	110.5 	129.9 	136.1 	: 
A,PRC_PRR,CPA_F41001_X_410014,NSA,I15,BE	: 	: 	: 	: 	: 	: 	: 	: 	: 	: 	: 	: 	: 	: 	: 	: 	: 	: 	: 	: 	: 	: 	: 	: 	: 	: 	: 	: 	: 	: 	: 	: 	: 	: 	: 	: 	: 	: 	: 	: 	: 	: 	: 	: 	: 	: 	76.2 	76.6 	78.0 	78.3 	80.3 	82.6 	86.6 	90.5 	92.7 	91.7 	91.7 	95.3 	97.1 	97.3 	98.4 	100.0 	101.6 	102.9 	105.5 	108.1 	109.9 	116.2 	132.2 	: 	: 
A,PRC_PRR,CPA_F41001_X_410014,NSA,I15,BG	: 	: 	: 	: 	: 	: 	: 	: 	: 	: 	: 	: 	: 	: 	: 	: 	: 	: 	: 	: 	: 	: 	: 	: 	: 	: 	: 	: 	: 	: 	: 	: 	: 	: 	: 	: 	: 	: 	: 	: 	: 	: 	: 	: 	: 	: 	: 	: 	: 	64.3 i	66.2 i	71.7 i	76.0 i	81.0 i	91.1 i	97.9 i	96.6 i	97.2 i	96.6 i	98.0 i	98.7 i	100.0 i	100.8 i	103.6 i	106.6 i	112.6 i	115.2 i	128.2 i	196.4 p	228.2 p	: 
A,PRC_PRR,CPA_F41001_X_410014,NSA,I15,CH	: 	: 	: 	: 	: 	: 	: 	: 	: 	: 	: 	: 	: 	: 	: 	: 	: 	: 	: 	: 	: 	: 	: 	: 	: 	: 	: 	: 	: 	: 	: 	: 	: 	: 	: 	: 	: 	: 	: 	: 	: 	: 	: 	: 	: 	81.8 e	85.0 e	87.6 e	87.3 e	85.9 e	86.4 e	88.3 e	90.7 e	94.2 e	97.8 e	97.9 e	97.8 e	99.8 e	100.0 e	100.2 e	100.5 e	100.0 e	99.3 e	99.2 e	100.3 e	101.1 e	101.6 e	104.1 e	112.8 e	117.0 e	: 
A,PRC_PRR,CPA_F41001_X_410014,NSA,I15,CY	: 	: 	: 	: 	: 	: 	: 	: 	: 	: 	: 	: 	: 	: 	: 	: 	: 	: 	: 	: 	: 	: 	: 	: 	: 	: 	: 	: 	: 	: 	: 	: 	: 	: 	: 	: 	: 	: 	: 	: 	: 	: 	: 	: 	61.7 i	61.6 i	65.1 i	67.4 i	70.1 i	73.8 i	79.2 i	82.7 i	86.9 i	91.2 i	98.5 i	99.3 i	102.5 i	106.0 i	107.0 i	102.7 i	100.8 i	100.0 i	99.2 i	99.3 i	100.6 i	102.8 i	103.1 i	109.7 i	120.7 i	: 	: 
A,PRC_PRR,CPA_F41001_X_410014,NSA,I15,CZ	: 	: 	: 	: 	: 	: 	: 	: 	: 	: 	: 	: 	: 	: 	: 	: 	: 	: 	: 	: 	: 	: 	: 	: 	: 	: 	: 	: 	: 	: 	: 	: 	: 	: 	: 	: 	: 	: 	: 	: 	: 	: 	: 	: 	: 	: 	77.1 	79.9 	82.0 	83.9 	87.2 	89.6 	92.2 	96.2 	100.5 	101.3 	100.6 	100.2 	99.7 	98.6 	98.9 	100.0 	101.0 	102.9 	106.6 	111.5 	115.3 	122.0 	137.9 	: 	: 
A,PRC_PRR,CPA_F41001_X_410014,NSA,I15,DE	: 	: 	: 	: 	: 	: 	: 	: 	: 	: 	: 	: 	: 	: 	: 	: 	25.1 	27.6 	29.6 	31.7 	34.0 	34.8 	36.1 	37.7 	40.1 	43.6 	48.3 	51.1 	52.6 	53.7 	55.0 	55.2 	56.0 	57.1 	58.3 	60.4 	64.3 	68.8 	73.2 	76.8 	78.6 	80.5 	80.3 	79.7 	79.4 	79.1 	79.4 	79.3 	79.3 	79.3 	80.3 	81.1 	82.6 	85.9 	88.4 	89.1 	90.0 	92.5 	94.9 	96.8 	98.4 	100.0 	102.0 	105.1 	109.8 	114.6 	117.9 	127.0 	147.8 	160.3 	: 
A,PRC_PRR,CPA_F41001_X_410014,NSA,I15,DK	: 	: 	: 	: 	: 	: 	: 	: 	: 	: 	: 	: 	: 	: 	: 	: 	: 	: 	: 	: 	: 	: 	: 	: 	: 	: 	: 	: 	: 	: 	: 	: 	: 	: 	: 	: 	: 	: 	: 	: 	: 	60.1 i	61.6 i	63.3 i	65.1 i	67.2 i	68.9 i	71.1 i	72.7 i	74.3 i	75.8 i	77.6 i	81.3 i	86.4 i	88.9 i	88.6 i	89.6 i	92.8 i	95.2 i	96.6 i	98.1 i	100.0 i	101.6 i	102.4 i	104.2 i	105.0 i	105.8 i	110.0 i	121.0 i	: 	: 
A,PRC_PRR,CPA_F41001_X_410014,NSA,I15,EA19	: 	: 	: 	: 	: 	: 	: 	: 	: 	: 	: 	: 	: 	: 	: 	: 	: 	: 	: 	: 	: 	: 	: 	: 	: 	: 	40.4 i	43.6 i	46.6 i	48.9 i	51.2 i	52.5 i	53.9 i	55.3 i	56.8 i	58.4 i	61.1 i	64.5 i	67.2 i	69.3 i	70.4 i	71.5 i	72.2 i	72.9 i	73.1 i	73.5 i	74.8 i	76.2 i	77.3 i	78.6 i	81.2 i	83.1 i	86.7 i	90.4 i	94.7 i	93.9 i	94.5 	97.5 	99.3 	99.5 	100.1 	100.0 	100.8 	103.2 	106.6 	109.7 	111.6 	117.8 	131.3 	139.4 i	: 
A,PRC_PRR,CPA_F41001_X_410014,NSA,I15,EA20	: 	: 	: 	: 	: 	: 	: 	: 	: 	: 	: 	: 	: 	: 	: 	: 	: 	: 	: 	: 	: 	: 	: 	: 	: 	: 	40.4 i	43.6 i	46.6 i	48.9 i	51.2 i	52.5 i	53.9 i	55.3 i	56.8 i	58.4 i	61.1 i	64.5 i	67.2 i	69.3 i	70.4 i	71.5 i	72.2 i	72.9 i	73.1 i	73.5 i	74.8 i	76.2 i	77.3 i	78.5 i	81.2 i	83.2 i	86.7 i	90.5 i	94.8 i	94.0 i	94.5 	97.5 	99.3 	99.5 	100.1 	100.0 	100.8 	103.2 	106.6 	109.7 	111.6 	117.8 	131.4 	139.4 i	: 
A,PRC_PRR,CPA_F41001_X_410014,NSA,I15,EE	: 	: 	: 	: 	: 	: 	: 	: 	: 	: 	: 	: 	: 	: 	: 	: 	: 	: 	: 	: 	: 	: 	: 	: 	: 	: 	: 	: 	: 	: 	: 	: 	: 	: 	: 	: 	: 	: 	: 	: 	: 	: 	: 	: 	57.1 i	58.4 i	59.7 i	63.2 i	65.6 i	67.9 i	71.5 i	76.0 i	83.9 i	94.6 i	97.9 i	89.6 i	87.3 i	90.3 i	94.2 i	98.9 i	99.1 i	100.0 i	99.6 i	100.8 i	102.7 i	104.6 i	105.1 i	115.0 i	135.9 i	143.1 i	: 
A,PRC_PRR,CPA_F41001_X_410014,NSA,I15,EL	: 	: 	: 	: 	: 	: 	: 	: 	: 	: 	: 	: 	: 	: 	: 	: 	: 	: 	: 	: 	: 	: 	: 	: 	: 	: 	: 	: 	: 	: 	: 	: 	: 	: 	: 	: 	: 	: 	: 	: 	: 	: 	: 	: 	: 	: 	88.0 	90.0 	91.4 	93.5 	95.7 	98.2 	101.0 	103.9 	108.3 	108.1 	108.4 	108.3 	107.7 	106.4 	102.9 	100.0 	98.3 	98.1 	98.5 	98.1 	98.0 	100.3 	107.1 	111.5 	: 
A,PRC_PRR,CPA_F41001_X_410014,NSA,I15,ES	: 	: 	: 	: 	: 	: 	: 	: 	: 	: 	: 	: 	: 	: 	: 	: 	: 	: 	: 	: 	: 	: 	: 	: 	: 	: 	22.4 i	25.9 i	29.2 i	32.6 i	35.9 i	39.0 i	41.3 i	42.8 i	44.6 i	47.2 i	49.8 i	51.9 i	54.1 i	56.0 i	57.8 i	60.6 i	62.3 i	63.6 i	64.7 i	65.7 i	68.6 i	70.4 i	71.6 i	73.1 i	76.5 i	80.1 i	85.6 i	89.9 i	94.1 i	95.1 i	97.5 p	101.2 i	100.9 i	101.2 i	101.4 i	100.0 i	98.7 p	100.8 i	103.3 i	104.4 i	103.6 i	112.3 p	127.1 i	128.8 p	: 
A,PRC_PRR,CPA_F41001_X_410014,NSA,I15,EU27_2020	: 	: 	: 	: 	: 	: 	: 	: 	: 	: 	: 	: 	: 	: 	: 	: 	: 	: 	: 	: 	: 	: 	: 	: 	: 	: 	: 	: 	: 	: 	: 	: 	: 	: 	: 	: 	: 	: 	: 	: 	: 	69.6 i	70.4 i	71.2 i	71.6 i	72.1 i	73.5 i	75.2 i	76.4 i	77.7 i	80.4 i	82.5 i	86.0 i	90.0 i	94.4 i	93.8 i	94.5 	97.4 	99.1 	99.3 	99.9 	100.0 	100.9 	103.2 	106.7 	109.9 	111.8 	118.1 	132.1 	: 	: 
A,PRC_PRR,CPA_F41001_X_410014,NSA,I15,FI	: 	: 	: 	: 	: 	: 	: 	: 	: 	: 	: 	: 	: 	: 	: 	: 	: 	: 	: 	: 	: 	: 	: 	: 	: 	: 	: 	: 	: 	: 	: 	: 	: 	: 	: 	: 	: 	: 	: 	: 	: 	66.9 i	66.2 i	67.8 i	69.4 i	70.3 i	72.5 i	74.2 i	74.8 i	76.2 i	78.1 i	80.7 i	83.8 i	88.7 i	92.2 i	91.2 i	92.2 i	95.2 i	97.6 i	98.5 i	99.5 i	100.0 i	100.5 i	100.8 i	103.1 e	104.1 e	103.9 e	109.5 e	118.5 e	122.1 e	: 
A,PRC_PRR,CPA_F41001_X_410014,NSA,I15,FR	6.1 	6.4 	7.2 	7.8 	8.6 	8.8 	8.8 	8.9 	9.4 	10.3 	11.0 	11.6 	11.9 	12.1 	12.7 	13.4 	13.8 	14.6 	15.5 	16.8 	19.4 	21.9 	24.4 	26.7 	29.1 	32.2 	36.6 	40.0 	44.3 	47.3 	50.1 	51.7 	53.3 	54.9 	56.4 	57.2 	58.6 	61.1 	62.0 	62.7 	62.8 	62.8 	63.9 	65.4 	65.5 	66.2 	67.7 	70.2 	72.0 	74.1 	77.7 	79.6 	85.1 	88.5 	95.3 	92.7 	93.8 	98.9 	101.4 	100.4 	100.6 	100.0 	100.7 	102.6 	105.0 	107.8 	109.3 	114.4 	123.5 	: 	: 
A,PRC_PRR,CPA_F41001_X_410014,NSA,I15,HR	: 	: 	: 	: 	: 	: 	: 	: 	: 	: 	: 	: 	: 	: 	: 	: 	: 	: 	: 	: 	: 	: 	: 	: 	: 	: 	: 	: 	: 	: 	: 	: 	: 	: 	: 	: 	: 	: 	: 	: 	: 	: 	: 	: 	: 	: 	73.4 	72.0 	73.4 	74.5 	90.8 	95.1 	96.8 	108.1 	119.3 	109.6 	103.7 	105.1 	102.5 	96.6 	96.9 	100.0 	98.9 	98.6 	100.3 	104.7 	110.9 	121.6 	148.1 	: 	: 
A,PRC_PRR,CPA_F41001_X_410014,NSA,I15,HU	: 	: 	: 	: 	: 	: 	: 	: 	: 	: 	: 	: 	: 	: 	: 	: 	: 	: 	: 	: 	: 	: 	: 	: 	: 	: 	: 	: 	: 	: 	: 	: 	: 	: 	: 	: 	: 	: 	: 	: 	: 	: 	: 	: 	: 	: 	53.1 e	59.0 e	62.5 e	64.9 e	68.7 e	71.1 e	75.3 e	79.3 e	84.1 	87.4 	88.9 	91.0 	92.9 	94.9 	97.0 	100.0 	103.4 	110.6 	121.9 	133.6 	143.2 	160.7 	199.3 	229.8 	: 
A,PRC_PRR,CPA_F41001_X_410014,NSA,I15,IE	: 	: 	: 	: 	: 	: 	: 	: 	: 	: 	: 	: 	: 	: 	: 	: 	: 	: 	: 	: 	: 	: 	: 	: 	: 	: 	: 	: 	: 	: 	: 	: 	: 	: 	: 	: 	: 	: 	: 	: 	: 	: 	: 	: 	: 	: 	64.9 	75.8 	78.9 	86.8 	97.9 	106.4 	116.6 	118.6 	109.5 	98.8 	99.3 	97.1 	98.1 	98.9 	99.5 	100.0 	100.4 	101.7 	105.8 	108.2 	109.4 	115.3 	127.6 	134.1 	: 
A,PRC_PRR,CPA_F41001_X_410014,NSA,I15,IT	: 	: 	: 	: 	: 	: 	: 	: 	: 	: 	: 	: 	: 	: 	: 	: 	: 	: 	: 	: 	: 	: 	: 	: 	: 	: 	: 	: 	: 	: 	: 	: 	: 	: 	: 	: 	: 	: 	: 	: 	: 	: 	: 	: 	: 	: 	: 	: 	: 	: 	: 	: 	: 	: 	: 	: 	94.4 	96.8 	100.4 	100.7 	102.1 	100.0 	100.4 	101.6 	103.2 	103.3 	103.7 	105.7 	113.9 p	117.2 p	: 
A,PRC_PRR,CPA_F41001_X_410014,NSA,I15,LT	: 	: 	: 	: 	: 	: 	: 	: 	: 	: 	: 	: 	: 	: 	: 	: 	: 	: 	: 	: 	: 	: 	: 	: 	: 	: 	: 	: 	: 	: 	: 	: 	: 	: 	: 	: 	: 	: 	: 	: 	: 	: 	: 	: 	62.2 i	63.2 i	63.6 i	62.9 i	63.0 i	63.9 i	68.4 i	74.1 i	82.0 i	95.2 i	104.3 i	89.2 i	84.9 i	88.1 i	90.8 i	94.9 i	97.9 i	100.0 i	102.2 i	106.5 i	110.2 i	115.6 i	117.9 i	125.7 i	148.3 i	159.0 i	: 
A,PRC_PRR,CPA_F41001_X_410014,NSA,I15,LU	: 	: 	: 	: 	: 	: 	: 	: 	: 	: 	: 	: 	: 	: 	: 	: 	: 	: 	: 	: 	: 	: 	: 	: 	: 	: 	: 	: 	: 	: 	: 	: 	: 	: 	: 	: 	: 	: 	: 	: 	: 	: 	: 	: 	: 	: 	70.0 	72.9 	74.8 	76.4 	78.5 	80.9 	83.2 	85.6 	88.3 	89.6 	90.3 e	92.6 e	95.3 e	97.2 e	98.9 e	100.0 e	101.0 e	102.9 e	104.8 e	107.9 	111.2 	118.4 	135.1 	149.2 	: 
A,PRC_PRR,CPA_F41001_X_410014,NSA,I15,LV	: 	: 	: 	: 	: 	: 	: 	: 	: 	: 	: 	: 	: 	: 	: 	: 	: 	: 	: 	: 	: 	: 	: 	: 	: 	: 	: 	: 	: 	: 	: 	: 	: 	: 	: 	: 	: 	: 	: 	: 	: 	: 	: 	: 	: 	: 	44.0 e	43.0 e	43.5 e	46.2 e	50.3 e	56.3 e	76.9 i	94.1 i	102.3 i	94.4 i	87.3 i	89.6 i	92.3 i	96.1 i	96.8 i	100.0 i	105.7 i	108.3 i	113.2 i	118.6 i	127.3 i	136.0 i	154.2 i	: 	: 
A,PRC_PRR,CPA_F41001_X_410014,NSA,I15,ME	: 	: 	: 	: 	: 	: 	: 	: 	: 	: 	: 	: 	: 	: 	: 	: 	: 	: 	: 	: 	: 	: 	: 	: 	: 	: 	: 	: 	: 	: 	: 	: 	: 	: 	: 	: 	: 	: 	: 	: 	: 	: 	: 	: 	: 	: 	62.7 i	66.5 i	66.8 i	71.2 i	62.2 i	75.0 i	102.2 i	127.9 i	145.8 i	124.1 i	118.8 i	126.6 i	108.0 i	111.1 i	107.3 i	100.0 i	91.9 i	97.9 i	101.4 i	108.5 i	96.8 i	113.6 i	150.4 i	: 	: 
A,PRC_PRR,CPA_F41001_X_410014,NSA,I15,MK	: 	: 	: 	: 	: 	: 	: 	: 	: 	: 	: 	: 	: 	: 	: 	: 	: 	: 	: 	: 	: 	: 	: 	: 	: 	: 	: 	: 	: 	: 	: 	: 	: 	: 	: 	: 	: 	: 	: 	: 	: 	: 	: 	: 	: 	: 	: 	: 	: 	: 	: 	77.4 i	84.3 i	86.4 i	90.4 i	95.8 i	93.7 i	98.5 i	100.1 i	102.0 i	101.7 i	100.0 i	97.6 i	102.4 i	108.5 i	111.3 i	112.6 i	127.4 i	155.4 i	: 	: 
A,PRC_PRR,CPA_F41001_X_410014,NSA,I15,MT	: 	: 	: 	: 	: 	: 	: 	: 	: 	: 	: 	: 	: 	: 	: 	: 	: 	: 	: 	: 	: 	: 	: 	: 	: 	: 	: 	: 	: 	: 	: 	: 	: 	: 	: 	: 	: 	: 	: 	: 	: 	: 	: 	: 	: 	: 	69.4 i	73.8 i	77.4 i	79.2 i	79.6 i	80.6 i	81.7 i	90.3 i	92.4 i	93.9 i	91.5 i	92.9 i	95.0 i	96.5 i	98.9 i	100.0 p	102.2 p	103.9 p	105.1 p	106.2 p	106.6 p	119.9 p	149.7 p	: 	: 
A,PRC_PRR,CPA_F41001_X_410014,NSA,I15,NL	: 	: 	: 	: 	: 	: 	: 	: 	: 	: 	: 	: 	: 	: 	: 	: 	: 	: 	: 	: 	: 	: 	: 	: 	: 	: 	: 	: 	: 	: 	: 	: 	: 	: 	: 	: 	: 	: 	: 	: 	: 	: 	: 	: 	: 	: 	: 	: 	: 	: 	: 	110.6 	110.7 	115.8 	121.3 	120.5 	115.6 	114.2 	108.9 	105.0 	100.7 	100.0 	100.0 	106.3 p	115.7 p	123.8 	129.2 	134.3 	143.5 p	: 	: 
A,PRC_PRR,CPA_F41001_X_410014,NSA,I15,NO	: 	: 	: 	: 	: 	: 	: 	: 	: 	: 	: 	: 	: 	: 	: 	: 	: 	: 	: 	: 	: 	: 	: 	: 	: 	: 	: 	: 	: 	: 	: 	: 	: 	: 	: 	: 	: 	: 	: 	: 	: 	: 	: 	: 	: 	: 	58.1 i	60.9 i	62.9 i	64.8 i	66.8 i	69.0 i	71.6 i	76.9 i	81.3 i	83.2 i	85.8 i	89.0 i	91.7 i	94.4 i	97.5 i	100.0 i	102.8 i	105.4 i	108.7 i	111.6 i	114.3 i	124.2 i	135.2 i	141.1 i	: 
A,PRC_PRR,CPA_F41001_X_410014,NSA,I15,PL	: 	: 	: 	: 	: 	: 	: 	: 	: 	: 	: 	: 	: 	: 	: 	: 	: 	: 	: 	: 	: 	: 	: 	: 	: 	: 	: 	: 	: 	: 	: 	: 	: 	: 	: 	: 	: 	: 	: 	: 	: 	: 	: 	: 	: 	: 	80.8 	83.3 	83.2 	82.5 	84.7 	87.3 	88.8 	95.0 	101.6 	101.8 	101.7 	102.9 	103.2 	101.6 	100.6 	100.0 	99.8 	100.6 	103.7 	108.1 	111.2 	116.2 	131.6 	: 	: 
A,PRC_PRR,CPA_F41001_X_410014,NSA,I15,PT	: 	: 	: 	: 	: 	: 	: 	: 	: 	: 	: 	: 	: 	: 	: 	: 	: 	: 	: 	: 	: 	: 	: 	: 	: 	: 	: 	: 	: 	: 	: 	: 	: 	: 	: 	: 	: 	: 	: 	: 	: 	: 	: 	: 	: 	: 	76.0 i	76.2 i	78.4 i	79.3 i	82.6 i	84.1 i	86.9 i	89.9 i	95.5 i	93.4 i	94.9 i	96.3 i	96.9 i	98.1 i	98.8 i	100.0 i	101.2 i	103.0 i	105.4 i	107.8 i	110.1 i	117.2 i	131.5 i	136.6 i	: 
A,PRC_PRR,CPA_F41001_X_410014,NSA,I15,RO	: 	: 	: 	: 	: 	: 	: 	: 	: 	: 	: 	: 	: 	: 	: 	: 	: 	: 	: 	: 	: 	: 	: 	: 	: 	: 	: 	: 	: 	: 	: 	: 	: 	: 	: 	: 	: 	: 	: 	: 	: 	: 	: 	: 	: 	: 	20.6 p	28.8 p	35.2 p	43.3 p	54.2 p	62.1 i	68.9 i	75.8 i	88.1 i	89.5 i	91.2 i	99.4 i	105.8 i	101.2 i	100.7 i	100.0 i	100.8 i	108.7 i	121.4 p	133.3 p	135.9 p	148.5 i	180.0 i	209.3 i	: 
A,PRC_PRR,CPA_F41001_X_410014,NSA,I15,SE	: 	: 	: 	: 	: 	: 	: 	: 	: 	: 	: 	: 	: 	: 	: 	: 	: 	: 	: 	: 	: 	: 	: 	: 	: 	: 	: 	: 	: 	: 	: 	: 	: 	: 	: 	: 	45.4 i	48.2 i	48.6 i	48.8 i	50.0 i	52.7 i	54.6 i	55.9 i	57.5 i	58.9 i	61.2 i	64.0 i	66.2 i	68.4 i	71.1 i	73.9 i	77.6 i	82.3 i	86.3 i	88.0 i	90.3 i	93.0 i	95.4 i	97.0 i	97.8 i	100.0 i	102.2 i	104.9 i	109.0 i	112.1 i	111.9 i	119.0 i	133.5 i	139.1 i	: 
A,PRC_PRR,CPA_F41001_X_410014,NSA,I15,SI	: 	: 	: 	: 	: 	: 	: 	: 	: 	: 	: 	: 	: 	: 	: 	: 	: 	: 	: 	: 	: 	: 	: 	: 	: 	: 	: 	: 	: 	: 	: 	: 	: 	: 	: 	: 	: 	: 	: 	: 	: 	: 	: 	: 	50.1 i	53.2 i	57.7 i	64.0 i	66.1 i	70.1 i	75.4 i	78.9 i	83.7 i	89.5 i	95.4 i	92.4 i	97.7 i	102.1 i	100.9 i	99.8 i	99.3 i	100.0 i	98.8 i	103.5 i	106.3 i	109.6 i	111.0 i	122.9 i	140.6 i	: 	: 
A,PRC_PRR,CPA_F41001_X_410014,NSA,I15,SK	: 	: 	: 	: 	: 	: 	: 	: 	: 	: 	: 	: 	: 	: 	: 	: 	: 	: 	: 	: 	: 	: 	: 	: 	: 	: 	: 	: 	: 	: 	: 	: 	: 	: 	: 	: 	: 	: 	: 	: 	: 	37.9 i	43.5 i	47.7 i	52.0 i	57.7 i	63.2 	67.2 	70.5 	73.6 	78.7 	82.4 	85.7 	89.3 	94.4 	96.4 	96.3 	97.0 	97.1 	97.7 	98.6 	100.0 	101.1 	103.9 	107.8 	112.6 	115.9 	121.8 	148.2 	164.0 	: 
A,PRC_PRR,CPA_F41001_X_410014,NSA,I15,TR	: 	: 	: 	: 	: 	: 	: 	: 	: 	: 	: 	: 	: 	: 	: 	: 	: 	: 	: 	: 	: 	: 	: 	: 	: 	: 	: 	: 	: 	: 	: 	: 	: 	: 	: 	: 	: 	: 	: 	: 	: 	: 	: 	: 	: 	: 	14.7 i	23.0 i	31.3 i	38.0 i	43.5 i	47.3 i	54.8 i	59.4 i	67.6 i	64.8 i	68.5 i	77.0 i	81.2 i	85.4 i	94.4 i	100.0 i	112.8 i	128.9 i	161.4 i	190.3 i	214.8 i	302.2 i	603.3 i	: 	: 
A,PRC_PRR,CPA_F41001_X_410014,NSA,I15,UK	: 	: 	: 	: 	: 	: 	: 	: 	: 	: 	: 	: 	: 	: 	: 	: 	: 	: 	: 	: 	: 	: 	: 	: 	: 	: 	: 	: 	: 	: 	: 	: 	: 	: 	: 	: 	: 	: 	: 	39.1 	41.6 	42.5 	43.1 	45.6 	48.5 	53.1 	56.6 	60.6 	66.6 	70.3 	73.3 	77.3 	81.7 	84.3 	88.7 	91.1 	90.6 p	91.8 p	94.0 p	96.3 p	99.2 p	100.0 p	103.0 p	107.2 p	111.2 p	114.5 p	: 	: 	: 	: 	: 
A,PRC_PRR,CPA_F41001_X_410014,NSA,I21,AL	: 	: 	: 	: 	: 	: 	: 	: 	: 	: 	: 	: 	: 	: 	: 	: 	: 	: 	: 	: 	: 	: 	: 	: 	: 	: 	: 	: 	: 	: 	: 	: 	: 	: 	: 	: 	: 	: 	: 	: 	: 	: 	: 	: 	: 	: 	: 	: 	83.2 i	85.4 i	88.0 i	89.2 i	90.2 i	92.5 i	93.6 i	93.6 i	93.9 i	94.4 i	95.0 i	95.9 i	96.2 i	96.4 i	96.5 i	97.1 i	97.7 i	97.9 i	98.1 i	100.0 i	106.4 i	111.2 i	: 
A,PRC_PRR,CPA_F41001_X_410014,NSA,I21,AT	: 	: 	: 	: 	: 	: 	: 	: 	: 	: 	: 	: 	: 	: 	: 	: 	: 	: 	: 	: 	: 	: 	: 	: 	: 	: 	: 	: 	: 	: 	: 	: 	: 	: 	: 	: 	: 	: 	: 	: 	: 	52.2 i	53.0 i	53.7 i	54.3 i	54.7 i	55.5 	56.5 	57.1 	58.0 	59.6 	61.0 	62.8 	65.4 	68.5 	70.1 	71.3 	73.4 	75.3 	77.1 	78.9 	80.1 	81.6 	83.8 	86.9 	89.8 	92.6 	100.0 	115.0 	123.6 	: 
A,PRC_PRR,CPA_F41001_X_410014,NSA,I21,BA	: 	: 	: 	: 	: 	: 	: 	: 	: 	: 	: 	: 	: 	: 	: 	: 	: 	: 	: 	: 	: 	: 	: 	: 	: 	: 	: 	: 	: 	: 	: 	: 	: 	: 	: 	: 	: 	: 	: 	: 	: 	: 	: 	: 	: 	: 	: 	: 	: 	: 	: 	: 	: 	: 	: 	: 	: 	: 	: 	: 	: 	: 	90.9 	91.6 	92.5 	93.4 	94.5 	100.0 	117.6 	123.2 	: 
A,PRC_PRR,CPA_F41001_X_410014,NSA,I21,BE	: 	: 	: 	: 	: 	: 	: 	: 	: 	: 	: 	: 	: 	: 	: 	: 	: 	: 	: 	: 	: 	: 	: 	: 	: 	: 	: 	: 	: 	: 	: 	: 	: 	: 	: 	: 	: 	: 	: 	: 	: 	: 	: 	: 	: 	: 	65.6 	66.0 	67.1 	67.4 	69.1 	71.0 	74.5 	77.9 	79.8 	78.9 	78.9 	82.0 	83.5 	83.8 	84.7 	86.1 	87.4 	88.6 	90.8 	93.0 	94.6 	100.0 	113.8 	121.2 	: 
A,PRC_PRR,CPA_F41001_X_410014,NSA,I21,BG	: 	: 	: 	: 	: 	: 	: 	: 	: 	: 	: 	: 	: 	: 	: 	: 	: 	: 	: 	: 	: 	: 	: 	: 	: 	: 	: 	: 	: 	: 	: 	: 	: 	: 	: 	: 	: 	: 	: 	: 	: 	: 	: 	: 	: 	: 	: 	: 	: 	51.3 i	52.8 i	57.3 i	60.8 i	64.6 i	72.4 i	77.6 i	76.4 i	76.8 i	76.3 i	77.4 i	77.8 i	78.7 i	79.2 i	81.3 i	83.5 i	87.9 i	89.8 i	100.0 i	154.8 p	180.1 p	: 
A,PRC_PRR,CPA_F41001_X_410014,NSA,I21,CH	: 	: 	: 	: 	: 	: 	: 	: 	: 	: 	: 	: 	: 	: 	: 	: 	: 	: 	: 	: 	: 	: 	: 	: 	: 	: 	: 	: 	: 	: 	: 	: 	: 	: 	: 	: 	: 	: 	: 	: 	: 	: 	: 	: 	: 	78.6 e	81.6 e	84.2 e	83.9 e	82.5 e	83.0 e	84.9 e	87.2 e	90.5 e	94.0 e	94.0 e	94.0 e	95.9 e	96.1 e	96.3 e	96.6 e	96.1 e	95.4 e	95.4 e	96.4 e	97.1 e	97.6 e	99.4 e	106.0 e	110.0 e	110.5 e
A,PRC_PRR,CPA_F41001_X_410014,NSA,I21,CY	: 	: 	: 	: 	: 	: 	: 	: 	: 	: 	: 	: 	: 	: 	: 	: 	: 	: 	: 	: 	: 	: 	: 	: 	: 	: 	: 	: 	: 	: 	: 	: 	: 	: 	: 	: 	: 	: 	: 	: 	: 	: 	: 	: 	56.3 i	56.2 i	58.7 i	60.8 i	63.2 i	66.6 i	71.4 i	74.6 i	78.4 i	82.3 i	88.8 i	89.6 i	92.4 i	95.6 i	96.5 i	92.6 i	90.9 i	90.2 i	89.5 i	89.6 i	90.7 i	92.7 i	92.9 i	100.0 i	111.7 i	114.5 i	: 
A,PRC_PRR,CPA_F41001_X_410014,NSA,I21,CZ	: 	: 	: 	: 	: 	: 	: 	: 	: 	: 	: 	: 	: 	: 	: 	: 	: 	: 	: 	: 	: 	: 	: 	: 	: 	: 	: 	: 	: 	: 	: 	: 	: 	: 	: 	: 	: 	: 	: 	: 	: 	: 	: 	: 	: 	: 	64.3 	66.5 	68.1 	69.6 	71.7 	73.5 	75.6 	78.9 	82.4 	83.1 	82.5 	82.1 	81.7 	80.8 	81.1 	82.0 	82.8 	84.3 	87.4 	91.4 	94.5 	100.0 	113.1 	119.1 	: 
A,PRC_PRR,CPA_F41001_X_410014,NSA,I21,DE	: 	: 	: 	: 	: 	: 	: 	: 	: 	: 	: 	: 	: 	: 	: 	: 	19.7 	21.8 	23.3 	25.0 	26.8 	27.4 	28.4 	29.7 	31.6 	34.4 	38.0 	40.2 	41.4 	42.3 	43.3 	43.5 	44.1 	44.9 	45.9 	47.5 	50.6 	54.2 	57.6 	60.5 	61.9 	63.4 	63.2 	62.8 	62.6 	62.3 	62.5 	62.4 	62.4 	62.5 	63.3 	63.8 	65.1 	67.6 	69.6 	70.2 	70.9 	72.8 	74.7 	76.2 	77.5 	78.8 	80.4 	82.7 	86.5 	90.3 	92.9 	100.0 	116.3 	126.1 	129.8 
A,PRC_PRR,CPA_F41001_X_410014,NSA,I21,DK	: 	: 	: 	: 	: 	: 	: 	: 	: 	: 	: 	: 	: 	: 	: 	: 	: 	: 	: 	: 	: 	: 	: 	: 	: 	: 	: 	: 	: 	: 	: 	: 	: 	: 	: 	: 	: 	: 	: 	: 	: 	54.7 i	56.1 i	57.5 i	59.2 i	61.1 i	62.7 i	64.7 i	66.1 i	67.6 i	69.0 i	70.6 i	73.9 i	78.6 i	80.9 i	80.5 i	81.5 i	84.4 i	86.6 i	87.9 i	89.3 i	91.0 i	92.4 i	93.1 i	94.8 i	95.5 i	96.2 i	100.0 i	110.0 i	114.9 i	: 
A,PRC_PRR,CPA_F41001_X_410014,NSA,I21,EA19	: 	: 	: 	: 	: 	: 	: 	: 	: 	: 	: 	: 	: 	: 	: 	: 	16.6 i	18.1 i	19.3 i	20.8 i	22.7 i	24.0 i	25.4 i	27.0 i	28.9 i	31.7 i	35.4 i	38.0 i	40.3 i	41.9 i	43.7 i	44.5 i	45.5 i	46.6 i	47.8 i	49.1 i	51.5 i	54.5 i	57.0 i	59.0 i	59.9 i	60.9 i	61.3 i	61.7 i	61.8 i	62.0 i	62.9 i	63.9 i	65.0 i	66.0 i	68.2 i	69.8 	72.4 	75.4 	78.7 	78.3 	78.8 	81.3 	82.9 	83.3 	83.9 	84.0 	84.9 	86.9 	89.9 	92.7 	94.5 	100.0 	111.9 	119.6 	: 
A,PRC_PRR,CPA_F41001_X_410014,NSA,I21,EA20	: 	: 	: 	: 	: 	: 	: 	: 	: 	: 	: 	: 	: 	: 	: 	: 	16.6 i	18.1 i	19.3 i	20.8 i	22.7 i	24.0 i	25.4 i	27.0 i	28.9 i	31.7 i	35.4 i	38.0 i	40.2 i	41.9 i	43.6 i	44.5 i	45.5 i	46.6 i	47.8 i	49.1 i	51.5 i	54.5 i	57.0 i	59.0 i	59.9 i	60.9 i	61.3 i	61.7 i	61.8 i	62.0 i	62.9 i	63.9 i	64.9 i	66.0 i	68.2 i	69.8 	72.5 	75.4 	78.8 	78.4 	78.9 	81.3 	82.9 	83.3 	83.9 	84.0 	84.9 	86.9 	89.9 	92.7 	94.5 	100.0 	111.9 	119.6 	: 
A,PRC_PRR,CPA_F41001_X_410014,NSA,I21,EE	: 	: 	: 	: 	: 	: 	: 	: 	: 	: 	: 	: 	: 	: 	: 	: 	: 	: 	: 	: 	: 	: 	: 	: 	: 	: 	: 	: 	: 	: 	: 	: 	: 	: 	: 	: 	: 	: 	: 	: 	: 	: 	: 	: 	49.7 i	50.8 i	52.0 i	54.9 i	57.1 i	59.1 i	62.2 i	66.1 i	73.0 i	82.2 i	85.1 i	78.0 i	75.9 i	78.5 i	82.0 i	86.0 i	86.3 i	87.0 i	86.6 i	87.7 i	89.3 i	91.0 i	91.4 i	100.0 i	118.2 i	124.4 i	: 
A,PRC_PRR,CPA_F41001_X_410014,NSA,I21,EL	: 	: 	: 	: 	: 	: 	: 	: 	: 	: 	: 	: 	: 	: 	: 	: 	: 	: 	: 	: 	: 	: 	: 	: 	: 	: 	: 	: 	: 	: 	: 	: 	: 	: 	: 	: 	: 	: 	: 	: 	: 	: 	: 	: 	: 	: 	87.8 	89.7 	91.1 	93.2 	95.4 	98.0 	100.7 	103.6 	107.9 	107.7 	108.1 	108.0 	107.4 	106.1 	102.6 	99.7 	98.1 	97.8 	98.2 	97.8 	97.7 	100.0 	106.8 	111.1 	: 
A,PRC_PRR,CPA_F41001_X_410014,NSA,I21,ES	: 	: 	: 	: 	: 	: 	: 	: 	: 	: 	: 	: 	: 	: 	: 	: 	: 	: 	: 	: 	: 	: 	: 	: 	: 	: 	20.0 i	23.0 i	26.0 i	29.0 i	32.0 i	34.7 i	36.8 i	38.1 i	39.7 i	42.0 i	44.3 i	46.2 i	48.1 i	49.8 i	51.5 i	54.0 i	55.5 i	56.6 i	57.6 i	58.5 i	61.0 i	62.7 i	63.7 i	65.1 i	68.2 i	71.3 i	76.2 i	80.0 i	83.8 i	84.7 i	86.8 p	90.1 i	89.9 i	90.1 i	90.3 i	89.0 i	87.9 p	89.8 i	92.0 i	92.9 i	92.2 i	100.0 i	112.3 i	115.0 i	: 
A,PRC_PRR,CPA_F41001_X_410014,NSA,I21,EU27_2020	: 	: 	: 	: 	: 	: 	: 	: 	: 	: 	: 	: 	: 	: 	: 	: 	: 	: 	: 	: 	: 	: 	: 	: 	: 	: 	: 	: 	: 	: 	: 	: 	: 	: 	: 	: 	50.3 i	53.3 i	55.6 i	57.5 i	58.4 i	59.4 i	59.9 i	60.4 i	60.6 i	60.9 i	61.8 i	63.1 i	64.2 i	65.3 i	67.5 i	69.2 	71.9 	75.0 	78.4 	78.1 	78.7 	81.1 	82.7 	83.0 	83.6 	83.8 	84.7 	86.8 	89.8 	92.7 	94.5 	100.0 	112.2 	119.9 	: 
A,PRC_PRR,CPA_F41001_X_410014,NSA,I21,FI	: 	: 	: 	: 	: 	: 	: 	: 	: 	: 	: 	: 	: 	: 	: 	: 	: 	: 	: 	: 	: 	: 	: 	: 	: 	: 	: 	: 	: 	: 	: 	: 	: 	: 	: 	: 	: 	: 	: 	: 	: 	61.1 i	60.4 i	61.9 i	63.3 i	64.2 i	66.2 i	67.8 i	68.3 i	69.6 i	71.3 i	73.7 i	76.5 i	81.0 i	84.2 i	83.3 i	84.2 i	87.0 i	89.1 i	89.9 i	90.8 i	91.3 i	91.8 i	92.0 i	94.1 e	95.1 e	94.8 e	100.0 e	108.2 e	111.5 e	110.6 e
A,PRC_PRR,CPA_F41001_X_410014,NSA,I21,FR	5.3 	5.5 	6.2 	6.8 	7.5 	7.7 	7.7 	7.8 	8.2 	9.0 	9.6 	10.2 	10.4 	10.6 	11.1 	11.7 	12.0 	12.8 	13.5 	14.6 	16.9 	19.1 	21.3 	23.4 	25.4 	28.1 	32.0 	34.9 	38.7 	41.3 	43.8 	45.2 	46.6 	48.0 	49.3 	50.0 	51.2 	53.4 	54.2 	54.8 	54.9 	54.9 	55.9 	57.2 	57.3 	57.8 	59.2 	61.3 	62.9 	64.7 	67.9 	69.5 	74.4 	77.3 	83.3 	81.0 	82.0 	86.4 	88.6 	87.8 	87.9 	87.4 	88.0 	89.7 	91.8 	94.2 	95.5 	100.0 	107.9 	114.1 	: 
A,PRC_PRR,CPA_F41001_X_410014,NSA,I21,HR	: 	: 	: 	: 	: 	: 	: 	: 	: 	: 	: 	: 	: 	: 	: 	: 	: 	: 	: 	: 	: 	: 	: 	: 	: 	: 	: 	: 	: 	: 	: 	: 	: 	: 	: 	: 	: 	: 	: 	: 	: 	: 	: 	: 	: 	: 	60.4 	59.2 	60.3 	61.3 	74.7 	78.2 	79.6 	88.8 	98.1 	90.1 	85.3 	86.5 	84.3 	79.5 	79.7 	82.3 	81.3 	81.0 	82.5 	86.1 	91.2 	100.0 	121.8 	127.6 	: 
A,PRC_PRR,CPA_F41001_X_410014,NSA,I21,HU	: 	: 	: 	: 	: 	: 	: 	: 	: 	: 	: 	: 	: 	: 	: 	: 	: 	: 	: 	: 	: 	: 	: 	: 	: 	: 	: 	: 	: 	: 	: 	: 	: 	: 	: 	: 	: 	: 	: 	: 	: 	: 	: 	: 	: 	: 	33.0 e	36.7 e	38.9 e	40.4 e	42.8 e	44.3 e	46.9 e	49.4 e	52.4 	54.4 	55.3 	56.6 	57.9 	59.0 	60.4 	62.3 	64.4 	68.9 	75.9 	83.2 	89.1 	100.0 	124.1 	143.0 	: 
A,PRC_PRR,CPA_F41001_X_410014,NSA,I21,IE	: 	: 	: 	: 	: 	: 	: 	: 	: 	: 	: 	: 	: 	: 	: 	: 	: 	: 	: 	: 	: 	: 	: 	: 	: 	: 	: 	: 	: 	: 	: 	: 	: 	: 	: 	: 	: 	: 	: 	: 	: 	: 	: 	: 	: 	: 	56.3 	65.7 	68.4 	75.3 	84.9 	92.3 	101.2 	102.9 	95.0 	85.7 	86.1 	84.2 	85.1 	85.8 	86.3 	86.7 	87.1 	88.3 	91.8 	93.8 	94.9 	100.0 	110.8 	116.8 	: 
A,PRC_PRR,CPA_F41001_X_410014,NSA,I21,IT	: 	: 	: 	: 	: 	: 	: 	: 	: 	: 	: 	: 	: 	: 	: 	: 	: 	: 	: 	: 	: 	: 	: 	: 	: 	: 	: 	: 	: 	: 	: 	: 	: 	: 	: 	: 	: 	: 	: 	: 	: 	: 	: 	: 	: 	: 	67.1 	68.5 	71.2 	73.3 	76.3 	79.4 	81.5 	84.5 	87.7 	88.5 	89.3 	91.6 	95.0 	95.3 	96.6 	94.6 	95.0 	96.1 	97.7 	97.8 	98.1 	100.0 	107.8 	110.8 	: 
A,PRC_PRR,CPA_F41001_X_410014,NSA,I21,LT	: 	: 	: 	: 	: 	: 	: 	: 	: 	: 	: 	: 	: 	: 	: 	: 	: 	: 	: 	: 	: 	: 	: 	: 	: 	: 	: 	: 	: 	: 	: 	: 	: 	: 	: 	: 	: 	: 	: 	: 	: 	: 	: 	: 	49.5 i	50.3 i	50.6 i	50.1 i	50.2 i	50.8 i	54.4 i	58.9 i	65.2 i	75.7 i	83.0 i	70.9 i	67.5 i	70.1 i	72.2 i	75.5 i	77.9 i	79.6 i	81.3 i	84.7 i	87.7 i	92.0 i	93.8 i	100.0 i	118.0 i	126.5 i	: 
A,PRC_PRR,CPA_F41001_X_410014,NSA,I21,LU	: 	: 	: 	: 	: 	: 	: 	: 	: 	: 	: 	: 	: 	: 	: 	: 	: 	: 	: 	: 	: 	: 	: 	: 	: 	: 	: 	: 	: 	: 	: 	: 	: 	: 	: 	: 	: 	: 	: 	: 	: 	: 	: 	: 	: 	: 	59.1 	61.6 	63.2 	64.6 	66.3 	68.3 	70.3 	72.3 	74.6 	75.7 	76.3 e	78.2 e	80.5 e	82.1 e	83.6 e	84.5 e	85.3 e	86.9 e	88.5 e	91.2 	93.9 	100.0 	114.1 	126.0 	128.5 
A,PRC_PRR,CPA_F41001_X_410014,NSA,I21,LV	: 	: 	: 	: 	: 	: 	: 	: 	: 	: 	: 	: 	: 	: 	: 	: 	: 	: 	: 	: 	: 	: 	: 	: 	: 	: 	: 	: 	: 	: 	: 	: 	: 	: 	: 	: 	: 	: 	: 	: 	: 	: 	: 	: 	: 	: 	32.3 e	31.6 e	32.0 e	34.0 e	37.0 e	41.4 e	56.5 i	69.2 i	75.2 i	69.3 i	64.2 i	65.8 i	67.9 i	70.6 i	71.1 i	73.5 i	77.7 i	79.6 i	83.2 i	87.2 i	93.6 i	100.0 i	113.3 i	118.6 i	: 
A,PRC_PRR,CPA_F41001_X_410014,NSA,I21,ME	: 	: 	: 	: 	: 	: 	: 	: 	: 	: 	: 	: 	: 	: 	: 	: 	: 	: 	: 	: 	: 	: 	: 	: 	: 	: 	: 	: 	: 	: 	: 	: 	: 	: 	: 	: 	: 	: 	: 	: 	: 	: 	: 	: 	: 	: 	55.2 i	58.6 i	58.8 i	62.7 i	54.8 i	66.1 i	90.0 i	112.6 i	128.4 i	109.3 i	104.6 i	111.5 i	95.1 i	97.9 i	94.5 i	88.1 i	80.9 i	86.2 i	89.3 i	95.6 i	85.3 i	100.0 i	132.4 i	157.2 i	: 
A,PRC_PRR,CPA_F41001_X_410014,NSA,I21,MK	: 	: 	: 	: 	: 	: 	: 	: 	: 	: 	: 	: 	: 	: 	: 	: 	: 	: 	: 	: 	: 	: 	: 	: 	: 	: 	: 	: 	: 	: 	: 	: 	: 	: 	: 	: 	: 	: 	: 	: 	: 	: 	: 	: 	: 	: 	: 	: 	: 	: 	: 	60.7 i	66.2 i	67.8 i	71.0 i	75.2 i	73.5 i	77.3 i	78.6 i	80.1 i	79.8 i	78.5 i	76.6 i	80.4 i	85.2 i	87.4 i	88.4 i	100.0 i	123.7 i	135.3 i	: 
A,PRC_PRR,CPA_F41001_X_410014,NSA,I21,MT	: 	: 	: 	: 	: 	: 	: 	: 	: 	: 	: 	: 	: 	: 	: 	: 	: 	: 	: 	: 	: 	: 	: 	: 	: 	: 	: 	: 	: 	: 	: 	: 	: 	: 	: 	: 	: 	: 	: 	: 	: 	: 	: 	: 	: 	: 	57.9 i	61.6 i	64.6 i	66.1 i	66.4 i	67.3 i	68.2 i	75.3 i	77.1 i	78.3 i	76.4 i	77.5 i	79.3 i	80.5 i	82.5 i	83.4 p	85.3 p	86.7 p	87.7 p	88.6 p	88.9 p	100.0 p	119.1 p	118.8 p	: 
A,PRC_PRR,CPA_F41001_X_410014,NSA,I21,NL	: 	: 	: 	: 	: 	: 	: 	: 	: 	: 	: 	: 	: 	: 	: 	: 	: 	: 	: 	: 	: 	: 	: 	: 	: 	: 	: 	: 	: 	: 	: 	: 	: 	: 	: 	: 	: 	: 	: 	: 	: 	: 	: 	: 	: 	: 	63.8 i	66.5 i	68.5 i	69.4 i	69.9 i	82.4 	82.4 	86.3 	90.4 	89.8 	86.1 	85.1 	81.1 	78.2 	75.0 	74.5 	74.5 	79.1 p	86.1 p	92.2 	96.2 	100.0 	106.8 	122.6 p	: 
A,PRC_PRR,CPA_F41001_X_410014,NSA,I21,NO	: 	: 	: 	: 	: 	: 	: 	: 	: 	: 	: 	: 	: 	: 	: 	: 	: 	: 	: 	: 	: 	: 	: 	: 	: 	: 	: 	: 	: 	: 	: 	: 	: 	: 	: 	: 	: 	: 	: 	: 	: 	: 	: 	: 	: 	: 	46.8 i	49.0 i	50.6 i	52.2 i	53.7 i	55.6 i	57.7 i	61.9 i	65.4 i	67.0 i	69.1 i	71.6 i	73.8 i	76.0 i	78.5 i	80.5 i	82.8 i	84.8 i	87.5 i	89.8 i	92.0 i	100.0 i	108.8 i	113.6 i	117.8 i
A,PRC_PRR,CPA_F41001_X_410014,NSA,I21,PL	: 	: 	: 	: 	: 	: 	: 	: 	: 	: 	: 	: 	: 	: 	: 	: 	: 	: 	: 	: 	: 	: 	: 	: 	: 	: 	: 	: 	: 	: 	: 	: 	: 	: 	: 	: 	: 	: 	: 	: 	: 	: 	: 	: 	: 	: 	69.5 	71.7 	71.6 	71.0 	72.9 	75.1 	76.4 	81.7 	87.4 	87.6 	87.5 	88.5 	88.8 	87.4 	86.6 	86.0 	85.9 	86.6 	89.3 	93.0 	95.7 	100.0 	113.3 	124.6 	: 
A,PRC_PRR,CPA_F41001_X_410014,NSA,I21,PT	: 	: 	: 	: 	: 	: 	: 	: 	: 	: 	: 	: 	: 	: 	: 	: 	: 	: 	: 	: 	: 	: 	: 	: 	: 	: 	: 	: 	: 	: 	: 	: 	: 	: 	: 	: 	: 	: 	: 	: 	: 	: 	: 	: 	: 	: 	64.9 i	65.0 i	66.8 i	67.6 i	70.4 i	71.8 i	74.2 i	76.7 i	81.5 i	79.7 i	81.0 i	82.1 i	82.6 i	83.7 i	84.3 i	85.3 i	86.3 i	87.9 i	89.9 i	92.0 i	93.9 i	100.0 i	112.2 i	116.5 i	: 
A,PRC_PRR,CPA_F41001_X_410014,NSA,I21,RO	: 	: 	: 	: 	: 	: 	: 	: 	: 	: 	: 	: 	: 	: 	: 	: 	: 	: 	: 	: 	: 	: 	: 	: 	: 	: 	: 	: 	: 	: 	: 	: 	: 	: 	: 	: 	: 	: 	: 	: 	: 	: 	: 	: 	: 	: 	13.9 p	19.4 p	23.7 p	29.2 p	36.5 p	40.6 i	45.0 i	49.5 i	57.6 i	58.5 i	59.6 i	65.0 i	69.2 i	66.2 i	65.8 i	65.4 i	65.9 i	71.1 i	79.9 i	87.6 i	88.8 i	100.0 i	119.0 i	128.6 i	: 
A,PRC_PRR,CPA_F41001_X_410014,NSA,I21,RS	: 	: 	: 	: 	: 	: 	: 	: 	: 	: 	: 	: 	: 	: 	: 	: 	: 	: 	: 	: 	: 	: 	: 	: 	: 	: 	: 	: 	: 	: 	: 	: 	: 	: 	: 	: 	: 	: 	: 	: 	: 	: 	: 	: 	: 	: 	12.9 i	23.3 i	29.3 i	33.6 i	37.9 i	43.3 i	50.7 i	55.7 i	61.7 i	64.7 i	67.4 i	71.0 i	73.4 i	75.1 i	77.5 i	79.9 i	78.5 i	81.2 i	85.3 i	90.5 i	91.9 i	100.0 i	115.6 i	125.3 i	: 
A,PRC_PRR,CPA_F41001_X_410014,NSA,I21,SE	: 	: 	: 	: 	: 	: 	: 	: 	: 	: 	: 	: 	: 	: 	: 	: 	: 	: 	: 	: 	: 	: 	: 	: 	: 	: 	: 	: 	: 	: 	: 	: 	: 	: 	: 	: 	38.2 i	40.5 i	40.8 i	41.0 i	42.0 i	44.3 i	45.9 i	47.0 i	48.3 i	49.5 i	51.5 i	53.8 i	55.6 i	57.5 i	59.8 i	62.1 i	65.2 i	69.2 i	72.6 i	74.0 i	75.9 i	78.2 i	80.2 i	81.5 i	82.2 i	84.1 i	85.9 i	88.2 i	91.7 i	94.2 i	94.1 i	100.0 i	112.3 i	117.0 i	: 
A,PRC_PRR,CPA_F41001_X_410014,NSA,I21,SI	: 	: 	: 	: 	: 	: 	: 	: 	: 	: 	: 	: 	: 	: 	: 	: 	: 	: 	: 	: 	: 	: 	: 	: 	: 	: 	: 	: 	: 	: 	: 	: 	: 	: 	: 	: 	: 	: 	: 	: 	: 	: 	: 	: 	40.7 i	43.3 i	46.9 i	52.1 i	53.8 i	57.0 i	61.4 i	64.2 i	68.1 i	72.8 i	77.6 i	75.2 i	79.4 i	83.1 i	82.1 i	81.2 i	80.8 i	81.3 i	80.4 i	84.2 i	86.5 i	89.2 i	90.3 i	100.0 i	114.4 i	122.8 i	: 
A,PRC_PRR,CPA_F41001_X_410014,NSA,I21,SK	: 	: 	: 	: 	: 	: 	: 	: 	: 	: 	: 	: 	: 	: 	: 	: 	: 	: 	: 	: 	: 	: 	: 	: 	: 	: 	: 	: 	: 	: 	: 	: 	: 	: 	: 	: 	: 	: 	: 	: 	: 	31.1 i	35.7 i	39.2 i	42.7 i	47.4 i	51.9 	55.2 	57.9 	60.4 	64.6 	67.7 	70.4 	73.3 	79.9 	81.0 	81.1 	81.3 	81.0 	81.2 	82.2 	83.5 	84.4 	86.8 	89.9 	93.9 	96.7 	100.5 	121.9 	135.8 	: 
A,PRC_PRR,CPA_F41001_X_410014,NSA,I21,TR	: 	: 	: 	: 	: 	: 	: 	: 	: 	: 	: 	: 	: 	: 	: 	: 	: 	: 	: 	: 	: 	: 	: 	: 	: 	: 	: 	: 	: 	: 	: 	: 	: 	: 	: 	: 	: 	: 	: 	: 	: 	: 	: 	: 	: 	: 	4.9 i	7.6 i	10.4 i	12.6 i	14.4 i	15.7 i	18.1 i	19.7 i	22.4 i	21.5 i	22.7 i	25.5 i	26.9 i	28.2 i	31.2 i	33.1 i	37.3 i	42.7 i	53.4 i	63.0 i	71.1 i	100.0 i	199.7 i	327.5 i	: 
A,PRC_PRR,CPA_F41001_X_410014,NSA,I21,UA	: 	: 	: 	: 	: 	: 	: 	: 	: 	: 	: 	: 	: 	: 	: 	: 	: 	: 	: 	: 	: 	: 	: 	: 	: 	: 	: 	: 	: 	: 	: 	: 	: 	: 	: 	: 	: 	: 	: 	: 	: 	: 	: 	: 	: 	: 	: 	: 	: 	: 	: 	: 	: 	: 	: 	: 	: 	: 	: 	: 	: 	: 	: 	: 	: 	: 	: 	100.0 i	127.8 i	148.6 i	: 
A,PRC_PRR,CPA_F41001_X_410014,NSA,PCH_SM,AL	: 	: 	: 	: 	: 	: 	: 	: 	: 	: 	: 	: 	: 	: 	: 	: 	: 	: 	: 	: 	: 	: 	: 	: 	: 	: 	: 	: 	: 	: 	: 	: 	: 	: 	: 	: 	: 	: 	: 	: 	: 	: 	: 	: 	: 	: 	: 	: 	: 	2.6 i	3.0 i	1.4 i	1.1 i	2.5 i	1.2 i	0.0 i	0.3 i	0.5 i	0.6 i	0.9 i	0.3 i	0.2 i	0.1 i	0.6 i	0.6 i	0.2 i	0.2 i	1.9 i	6.4 i	4.5 i	: 
A,PRC_PRR,CPA_F41001_X_410014,NSA,PCH_SM,AT	: 	: 	: 	: 	: 	: 	: 	: 	: 	: 	: 	: 	: 	: 	: 	: 	: 	: 	: 	: 	: 	: 	: 	: 	: 	: 	: 	: 	: 	: 	: 	: 	: 	: 	: 	: 	: 	: 	: 	: 	: 	: 	1.5 i	1.3 i	1.1 i	0.7 i	1.5 i	1.8 	1.1 	1.6 	2.8 	2.3 	3.0 	4.1 	4.7 	2.3 	1.7 	2.9 	2.6 	2.4 	2.3 	1.5 	1.9 	2.7 	3.7 	3.3 	3.1 	8.0 	15.0 	7.5 	: 
A,PRC_PRR,CPA_F41001_X_410014,NSA,PCH_SM,BA	: 	: 	: 	: 	: 	: 	: 	: 	: 	: 	: 	: 	: 	: 	: 	: 	: 	: 	: 	: 	: 	: 	: 	: 	: 	: 	: 	: 	: 	: 	: 	: 	: 	: 	: 	: 	: 	: 	: 	: 	: 	: 	: 	: 	: 	: 	: 	: 	: 	: 	: 	: 	: 	: 	: 	: 	: 	: 	: 	: 	: 	: 	: 	0.8 	1.0 	1.0 	1.2 	5.8 	17.6 	4.8 	: 
A,PRC_PRR,CPA_F41001_X_410014,NSA,PCH_SM,BE	: 	: 	: 	: 	: 	: 	: 	: 	: 	: 	: 	: 	: 	: 	: 	: 	: 	: 	: 	: 	: 	: 	: 	: 	: 	: 	: 	: 	: 	: 	: 	: 	: 	: 	: 	: 	: 	: 	: 	: 	: 	: 	: 	: 	: 	: 	: 	0.6 	1.7 	0.4 	2.5 	2.7 	4.9 	4.6 	2.4 	-1.1 	0.0 	3.9 	1.8 	0.4 	1.1 	1.7 	1.5 	1.4 	2.5 	2.4 	1.7 	5.7 	13.8 	6.5 	: 
A,PRC_PRR,CPA_F41001_X_410014,NSA,PCH_SM,BG	: 	: 	: 	: 	: 	: 	: 	: 	: 	: 	: 	: 	: 	: 	: 	: 	: 	: 	: 	: 	: 	: 	: 	: 	: 	: 	: 	: 	: 	: 	: 	: 	: 	: 	: 	: 	: 	: 	: 	: 	: 	: 	: 	: 	: 	: 	: 	: 	: 	: 	2.9 i	8.5 i	6.1 i	6.3 i	12.1 i	7.2 i	-1.5 i	0.5 i	-0.7 i	1.4 i	0.5 i	1.2 i	0.6 i	2.7 i	2.7 i	5.3 i	2.2 i	11.4 i	54.8 p	16.3 p	: 
A,PRC_PRR,CPA_F41001_X_410014,NSA,PCH_SM,CH	: 	: 	: 	: 	: 	: 	: 	: 	: 	: 	: 	: 	: 	: 	: 	: 	: 	: 	: 	: 	: 	: 	: 	: 	: 	: 	: 	: 	: 	: 	: 	: 	: 	: 	: 	: 	: 	: 	: 	: 	: 	: 	: 	: 	: 	: 	3.8 e	3.2 e	-0.4 e	-1.7 e	0.6 e	2.3 e	2.7 e	3.8 e	3.9 e	0.0 e	0.0 e	2.0 e	0.2 e	0.2 e	0.3 e	-0.5 e	-0.7 e	0.0 e	1.0 e	0.7 e	0.5 e	1.8 e	6.6 e	3.8 e	0.5 e
A,PRC_PRR,CPA_F41001_X_410014,NSA,PCH_SM,CY	: 	: 	: 	: 	: 	: 	: 	: 	: 	: 	: 	: 	: 	: 	: 	: 	: 	: 	: 	: 	: 	: 	: 	: 	: 	: 	: 	: 	: 	: 	: 	: 	: 	: 	: 	: 	: 	: 	: 	: 	: 	: 	: 	: 	: 	-0.2 i	4.4 i	3.6 i	3.9 i	5.4 i	7.2 i	4.5 i	5.1 i	5.0 i	7.9 i	0.9 i	3.1 i	3.5 i	0.9 i	-4.0 i	-1.8 i	-0.8 i	-0.8 i	0.1 i	1.2 i	2.2 i	0.2 i	7.6 i	11.7 i	2.5 i	: 
A,PRC_PRR,CPA_F41001_X_410014,NSA,PCH_SM,CZ	: 	: 	: 	: 	: 	: 	: 	: 	: 	: 	: 	: 	: 	: 	: 	: 	: 	: 	: 	: 	: 	: 	: 	: 	: 	: 	: 	: 	: 	: 	: 	: 	: 	: 	: 	: 	: 	: 	: 	: 	: 	: 	: 	: 	: 	: 	: 	3.4 	2.4 	2.2 	3.0 	2.5 	2.9 	4.4 	4.4 	0.8 	-0.7 	-0.5 	-0.5 	-1.1 	0.4 	1.1 	1.0 	1.8 	3.7 	4.6 	3.4 	5.8 	13.1 	5.3 	: 
A,PRC_PRR,CPA_F41001_X_410014,NSA,PCH_SM,DE	: 	: 	: 	: 	: 	: 	: 	: 	: 	: 	: 	: 	: 	: 	: 	: 	: 	10.7 	6.9 	7.3 	7.2 	2.2 	3.6 	4.6 	6.4 	8.9 	10.5 	5.8 	3.0 	2.2 	2.4 	0.5 	1.4 	1.8 	2.2 	3.5 	6.5 	7.1 	6.3 	5.0 	2.3 	2.4 	-0.3 	-0.6 	-0.3 	-0.5 	0.3 	-0.2 	0.0 	0.2 	1.3 	0.8 	2.0 	3.8 	3.0 	0.9 	1.0 	2.7 	2.6 	2.0 	1.7 	1.7 	2.0 	2.9 	4.6 	4.4 	2.9 	7.6 	16.3 	8.4 	2.9 
A,PRC_PRR,CPA_F41001_X_410014,NSA,PCH_SM,DK	: 	: 	: 	: 	: 	: 	: 	: 	: 	: 	: 	: 	: 	: 	: 	: 	: 	: 	: 	: 	: 	: 	: 	: 	: 	: 	: 	: 	: 	: 	: 	: 	: 	: 	: 	: 	: 	: 	: 	: 	: 	: 	2.6 i	2.5 i	3.0 i	3.2 i	2.6 i	3.2 i	2.2 i	2.3 i	2.1 i	2.3 i	4.7 i	6.4 i	2.9 i	-0.5 i	1.2 i	3.6 i	2.6 i	1.5 i	1.6 i	1.9 i	1.5 i	0.8 i	1.8 i	0.7 i	0.7 i	4.0 i	10.0 i	4.5 i	: 
A,PRC_PRR,CPA_F41001_X_410014,NSA,PCH_SM,EA19	: 	: 	: 	: 	: 	: 	: 	: 	: 	: 	: 	: 	: 	: 	: 	: 	: 	9.0 i	6.6 i	7.8 i	9.1 i	5.7 i	5.8 i	6.3 i	7.0 i	9.7 i	11.7 i	7.3 i	6.1 i	4.0 i	4.3 i	1.8 i	2.2 i	2.4 i	2.6 i	2.7 i	4.9 i	5.8 i	4.6 i	3.5 i	1.5 i	1.7 i	0.7 i	0.7 i	0.2 i	0.3 i	1.5 i	1.6 i	1.7 i	1.5 i	3.3 i	2.3 i	3.7 	4.1 	4.4 	-0.5 	0.6 	3.2 	2.0 	0.5 	0.7 	0.1 	1.1 	2.4 	3.5 	3.1 	1.9 	5.8 	11.9 	6.9 	: 
A,PRC_PRR,CPA_F41001_X_410014,NSA,PCH_SM,EA20	: 	: 	: 	: 	: 	: 	: 	: 	: 	: 	: 	: 	: 	: 	: 	: 	: 	9.0 i	6.6 i	7.8 i	9.1 i	5.7 i	5.8 i	6.3 i	7.0 i	9.7 i	11.7 i	7.3 i	5.8 i	4.2 i	4.1 i	2.1 i	2.2 i	2.4 i	2.6 i	2.7 i	4.9 i	5.8 i	4.6 i	3.5 i	1.5 i	1.7 i	0.7 i	0.7 i	0.2 i	0.3 i	1.5 i	1.6 i	1.6 i	1.7 i	3.3 i	2.3 i	3.9 	4.0 	4.5 	-0.5 	0.6 	3.0 	2.0 	0.5 	0.7 	0.1 	1.1 	2.4 	3.5 	3.1 	1.9 	5.8 	11.9 	6.9 	: 
A,PRC_PRR,CPA_F41001_X_410014,NSA,PCH_SM,EE	: 	: 	: 	: 	: 	: 	: 	: 	: 	: 	: 	: 	: 	: 	: 	: 	: 	: 	: 	: 	: 	: 	: 	: 	: 	: 	: 	: 	: 	: 	: 	: 	: 	: 	: 	: 	: 	: 	: 	: 	: 	: 	: 	: 	: 	2.2 i	2.4 i	5.6 i	4.0 i	3.5 i	5.2 i	6.3 i	10.4 i	12.6 i	3.5 i	-8.3 i	-2.7 i	3.4 i	4.5 i	4.9 i	0.3 i	0.8 i	-0.5 i	1.3 i	1.8 i	1.9 i	0.4 i	9.4 i	18.2 i	5.2 i	: 
A,PRC_PRR,CPA_F41001_X_410014,NSA,PCH_SM,EL	: 	: 	: 	: 	: 	: 	: 	: 	: 	: 	: 	: 	: 	: 	: 	: 	: 	: 	: 	: 	: 	: 	: 	: 	: 	: 	: 	: 	: 	: 	: 	: 	: 	: 	: 	: 	: 	: 	: 	: 	: 	: 	: 	: 	: 	: 	: 	2.2 	1.6 	2.3 	2.4 	2.7 	2.8 	2.9 	4.2 	-0.2 	0.4 	-0.1 	-0.6 	-1.2 	-3.3 	-2.8 	-1.6 	-0.3 	0.4 	-0.4 	-0.1 	2.4 	6.8 	4.0 	: 
A,PRC_PRR,CPA_F41001_X_410014,NSA,PCH_SM,ES	: 	: 	: 	: 	: 	: 	: 	: 	: 	: 	: 	: 	: 	: 	: 	: 	: 	: 	: 	: 	: 	: 	: 	: 	: 	: 	: 	15.0 i	13.0 i	11.5 i	10.3 i	8.4 i	6.1 i	3.5 i	4.2 i	5.8 i	5.5 i	4.3 i	4.1 i	3.5 i	3.4 i	4.9 i	2.8 i	2.0 i	1.8 i	1.6 i	4.3 i	2.8 i	1.6 i	2.2 i	4.8 i	4.5 i	6.9 i	5.0 i	4.7 i	1.1 i	2.5 p	3.8 p	-0.2 i	0.2 i	0.2 i	-1.4 i	-1.2 p	2.2 p	2.4 i	1.0 i	-0.8 i	8.5 i	12.3 i	2.4 i	: 
A,PRC_PRR,CPA_F41001_X_410014,NSA,PCH_SM,EU27_2020	: 	: 	: 	: 	: 	: 	: 	: 	: 	: 	: 	: 	: 	: 	: 	: 	: 	: 	: 	: 	: 	: 	: 	: 	: 	: 	: 	: 	: 	: 	: 	: 	: 	: 	: 	: 	: 	6.0 i	4.3 i	3.4 i	1.6 i	1.7 i	0.8 i	0.8 i	0.3 i	0.5 i	1.5 i	2.1 i	1.7 i	1.7 i	3.4 i	2.5 i	3.9 	4.3 	4.5 	-0.4 	0.8 	3.0 	2.0 	0.4 	0.7 	0.2 	1.1 	2.5 	3.5 	3.2 	1.9 	5.8 	12.2 	6.9 	: 
A,PRC_PRR,CPA_F41001_X_410014,NSA,PCH_SM,FI	: 	: 	: 	: 	: 	: 	: 	: 	: 	: 	: 	: 	: 	: 	: 	: 	: 	: 	: 	: 	: 	: 	: 	: 	: 	: 	: 	: 	: 	: 	: 	: 	: 	: 	: 	: 	: 	: 	: 	: 	: 	: 	-1.1 i	2.5 i	2.3 i	1.4 i	3.1 i	2.4 i	0.7 i	1.9 i	2.4 i	3.4 i	3.8 i	5.9 i	4.0 i	-1.1 i	1.1 i	3.3 i	2.4 i	0.9 i	1.0 i	0.6 i	0.5 i	0.2 i	2.3 e	1.1 e	-0.3 e	5.5 e	8.2 e	3.0 e	-0.8 e
A,PRC_PRR,CPA_F41001_X_410014,NSA,PCH_SM,FR	: 	3.8 	12.7 	9.7 	10.3 	2.7 	0.0 	1.3 	5.1 	9.8 	6.7 	6.3 	2.0 	1.9 	4.7 	5.4 	2.6 	6.7 	5.5 	8.1 	15.8 	13.0 	11.5 	9.9 	8.5 	10.6 	13.9 	9.1 	10.9 	6.7 	6.1 	3.2 	3.1 	3.0 	2.7 	1.4 	2.4 	4.3 	1.5 	1.1 	0.2 	0.0 	1.8 	2.3 	0.2 	0.9 	2.4 	3.5 	2.6 	2.9 	4.9 	2.4 	7.1 	3.9 	7.8 	-2.8 	1.2 	5.4 	2.5 	-0.9 	0.1 	-0.6 	0.7 	1.9 	2.3 	2.6 	1.4 	4.7 	7.9 	5.7 	: 
A,PRC_PRR,CPA_F41001_X_410014,NSA,PCH_SM,HR	: 	: 	: 	: 	: 	: 	: 	: 	: 	: 	: 	: 	: 	: 	: 	: 	: 	: 	: 	: 	: 	: 	: 	: 	: 	: 	: 	: 	: 	: 	: 	: 	: 	: 	: 	: 	: 	: 	: 	: 	: 	: 	: 	: 	: 	: 	: 	-2.0 	1.9 	1.7 	21.9 	4.7 	1.8 	11.6 	10.5 	-8.2 	-5.3 	1.4 	-2.5 	-5.7 	0.3 	3.3 	-1.2 	-0.4 	1.9 	4.4 	5.9 	9.6 	21.8 	4.8 	: 
A,PRC_PRR,CPA_F41001_X_410014,NSA,PCH_SM,HU	: 	: 	: 	: 	: 	: 	: 	: 	: 	: 	: 	: 	: 	: 	: 	: 	: 	: 	: 	: 	: 	: 	: 	: 	: 	: 	: 	: 	: 	: 	: 	: 	: 	: 	: 	: 	: 	: 	: 	: 	: 	: 	: 	: 	: 	: 	: 	11.2 e	6.0 e	3.9 e	5.9 e	3.5 e	5.9 e	5.3 e	6.1 e	3.8 	1.7 	2.4 	2.3 	1.9 	2.4 	3.1 	3.4 	7.0 	10.2 	9.6 	7.1 	12.2 	24.1 	15.2 	: 
A,PRC_PRR,CPA_F41001_X_410014,NSA,PCH_SM,IE	: 	: 	: 	: 	: 	: 	: 	: 	: 	: 	: 	: 	: 	: 	: 	: 	: 	: 	: 	: 	: 	: 	: 	: 	: 	: 	: 	: 	: 	: 	: 	: 	: 	: 	: 	: 	: 	: 	: 	: 	: 	: 	: 	: 	: 	: 	: 	16.7 	4.1 	10.1 	12.7 	8.7 	9.6 	1.7 	-7.7 	-9.8 	0.5 	-2.2 	1.1 	0.8 	0.6 	0.5 	0.5 	1.4 	4.0 	2.2 	1.2 	5.4 	10.8 	5.4 	: 
A,PRC_PRR,CPA_F41001_X_410014,NSA,PCH_SM,IT	: 	: 	: 	: 	: 	: 	: 	: 	: 	: 	: 	: 	: 	: 	: 	: 	: 	: 	: 	: 	: 	: 	: 	: 	: 	: 	: 	: 	: 	: 	: 	: 	: 	: 	: 	: 	: 	: 	: 	: 	: 	: 	: 	: 	: 	: 	: 	2.1 	3.9 	2.9 	4.1 	4.1 	2.6 	3.7 	3.8 	0.9 	0.9 	2.6 	3.7 	0.3 	1.4 	-2.1 	0.4 	1.2 	1.7 	0.1 	0.3 	1.9 	7.8 	2.8 	: 
A,PRC_PRR,CPA_F41001_X_410014,NSA,PCH_SM,LT	: 	: 	: 	: 	: 	: 	: 	: 	: 	: 	: 	: 	: 	: 	: 	: 	: 	: 	: 	: 	: 	: 	: 	: 	: 	: 	: 	: 	: 	: 	: 	: 	: 	: 	: 	: 	: 	: 	: 	: 	: 	: 	: 	: 	: 	1.6 i	0.6 i	-1.0 i	0.2 i	1.2 i	7.1 i	8.3 i	10.7 i	16.1 i	9.6 i	-14.6 i	-4.8 i	3.9 i	3.0 i	4.6 i	3.2 i	2.2 i	2.1 i	4.2 i	3.5 i	4.9 i	2.0 i	6.6 i	18.0 i	7.2 i	: 
A,PRC_PRR,CPA_F41001_X_410014,NSA,PCH_SM,LU	: 	: 	: 	: 	: 	: 	: 	: 	: 	: 	: 	: 	: 	: 	: 	: 	: 	: 	: 	: 	: 	: 	: 	: 	: 	: 	: 	: 	: 	: 	: 	: 	: 	: 	: 	: 	: 	: 	: 	: 	: 	: 	: 	: 	: 	: 	: 	4.2 	2.6 	2.2 	2.6 	3.0 	2.9 	2.8 	3.2 	1.5 	0.8 e	2.5 e	2.9 e	2.0 e	1.8 e	1.1 e	0.9 e	1.9 e	1.8 e	3.1 e	3.0 	6.5 	14.1 	10.4 	2.0 
A,PRC_PRR,CPA_F41001_X_410014,NSA,PCH_SM,LV	: 	: 	: 	: 	: 	: 	: 	: 	: 	: 	: 	: 	: 	: 	: 	: 	: 	: 	: 	: 	: 	: 	: 	: 	: 	: 	: 	: 	: 	: 	: 	: 	: 	: 	: 	: 	: 	: 	: 	: 	: 	: 	: 	: 	: 	: 	: 	-2.2 e	1.3 e	6.3 e	8.8 e	11.9 e	36.5 e	22.5 i	8.7 i	-7.8 i	-7.4 i	2.5 i	3.2 i	4.0 i	0.7 i	3.4 i	5.7 i	2.4 i	4.5 i	4.8 i	7.3 i	6.8 i	13.3 i	4.7 i	: 
A,PRC_PRR,CPA_F41001_X_410014,NSA,PCH_SM,ME	: 	: 	: 	: 	: 	: 	: 	: 	: 	: 	: 	: 	: 	: 	: 	: 	: 	: 	: 	: 	: 	: 	: 	: 	: 	: 	: 	: 	: 	: 	: 	: 	: 	: 	: 	: 	: 	: 	: 	: 	: 	: 	: 	: 	: 	: 	: 	6.2 i	0.3 i	6.6 i	-12.6 i	20.6 i	36.2 i	25.1 i	14.0 i	-14.9 i	-4.3 i	6.6 i	-14.7 i	2.9 i	-3.5 i	-6.8 i	-8.2 i	6.6 i	3.6 i	7.1 i	-10.8 i	17.2 i	32.4 i	18.7 i	: 
A,PRC_PRR,CPA_F41001_X_410014,NSA,PCH_SM,MK	: 	: 	: 	: 	: 	: 	: 	: 	: 	: 	: 	: 	: 	: 	: 	: 	: 	: 	: 	: 	: 	: 	: 	: 	: 	: 	: 	: 	: 	: 	: 	: 	: 	: 	: 	: 	: 	: 	: 	: 	: 	: 	: 	: 	: 	: 	: 	: 	: 	: 	: 	: 	9.1 i	2.4 i	4.7 i	5.9 i	-2.3 i	5.2 i	1.7 i	1.9 i	-0.4 i	-1.6 i	-2.4 i	5.0 i	6.0 i	2.6 i	1.1 i	13.1 i	23.7 i	9.4 i	: 
A,PRC_PRR,CPA_F41001_X_410014,NSA,PCH_SM,MT	: 	: 	: 	: 	: 	: 	: 	: 	: 	: 	: 	: 	: 	: 	: 	: 	: 	: 	: 	: 	: 	: 	: 	: 	: 	: 	: 	: 	: 	: 	: 	: 	: 	: 	: 	: 	: 	: 	: 	: 	: 	: 	: 	: 	: 	: 	: 	6.4 i	4.9 i	2.3 i	0.5 i	1.4 i	1.3 i	10.4 i	2.4 i	1.6 i	-2.4 i	1.4 i	2.3 i	1.5 i	2.5 i	1.1 p	2.3 p	1.6 p	1.2 p	1.0 p	0.3 p	12.5 p	19.1 p	-0.3 p	: 
A,PRC_PRR,CPA_F41001_X_410014,NSA,PCH_SM,NL	: 	: 	: 	: 	: 	: 	: 	: 	: 	: 	: 	: 	: 	: 	: 	: 	: 	: 	: 	: 	: 	: 	: 	: 	: 	: 	: 	: 	: 	: 	: 	: 	: 	: 	: 	: 	: 	: 	: 	: 	: 	: 	: 	: 	: 	: 	: 	4.2 i	3.0 i	1.3 i	0.7 i	1.4 i	0.0 	4.7 	4.8 	-0.7 	-4.1 	-1.2 	-4.7 	-3.6 	-4.1 	-0.7 	0.0 	6.2 p	8.8 p	7.1 p	4.3 	4.0 	6.8 	14.8 p	: 
A,PRC_PRR,CPA_F41001_X_410014,NSA,PCH_SM,NO	: 	: 	: 	: 	: 	: 	: 	: 	: 	: 	: 	: 	: 	: 	: 	: 	: 	: 	: 	: 	: 	: 	: 	: 	: 	: 	: 	: 	: 	: 	: 	: 	: 	: 	: 	: 	: 	: 	: 	: 	: 	: 	: 	: 	: 	: 	: 	4.7 i	3.3 i	3.2 i	2.9 i	3.5 i	3.8 i	7.3 i	5.7 i	2.4 i	3.1 i	3.6 i	3.1 i	3.0 i	3.3 i	2.5 i	2.9 i	2.4 i	3.2 i	2.6 i	2.4 i	8.7 i	8.8 i	4.4 i	3.7 i
A,PRC_PRR,CPA_F41001_X_410014,NSA,PCH_SM,PL	: 	: 	: 	: 	: 	: 	: 	: 	: 	: 	: 	: 	: 	: 	: 	: 	: 	: 	: 	: 	: 	: 	: 	: 	: 	: 	: 	: 	: 	: 	: 	: 	: 	: 	: 	: 	: 	: 	: 	: 	: 	: 	: 	: 	: 	: 	: 	3.2 	-0.1 	-0.8 	2.7 	3.0 	1.7 	6.9 	7.0 	0.2 	-0.1 	1.1 	0.3 	-1.6 	-0.9 	-0.7 	-0.1 	0.8 	3.1 	4.1 	2.9 	4.5 	13.3 	10.0 	: 
A,PRC_PRR,CPA_F41001_X_410014,NSA,PCH_SM,PT	: 	: 	: 	: 	: 	: 	: 	: 	: 	: 	: 	: 	: 	: 	: 	: 	: 	: 	: 	: 	: 	: 	: 	: 	: 	: 	: 	: 	: 	: 	: 	: 	: 	: 	: 	: 	: 	: 	: 	: 	: 	: 	: 	: 	: 	: 	: 	0.2 i	2.8 i	1.2 i	4.1 i	2.0 i	3.3 i	3.4 i	6.3 i	-2.2 i	1.6 i	1.4 i	0.6 i	1.3 i	0.7 i	1.2 i	1.2 i	1.9 i	2.3 i	2.3 i	2.1 i	6.5 i	12.2 i	3.8 i	: 
A,PRC_PRR,CPA_F41001_X_410014,NSA,PCH_SM,RO	: 	: 	: 	: 	: 	: 	: 	: 	: 	: 	: 	: 	: 	: 	: 	: 	: 	: 	: 	: 	: 	: 	: 	: 	: 	: 	: 	: 	: 	: 	: 	: 	: 	: 	: 	: 	: 	: 	: 	: 	: 	: 	: 	: 	: 	: 	: 	39.6 p	22.2 p	23.2 p	25.0 p	11.2 p	10.8 i	10.0 i	16.4 i	1.6 i	1.9 i	9.1 i	6.5 i	-4.3 i	-0.6 i	-0.6 i	0.8 i	7.9 i	12.4 i	9.6 i	1.4 i	12.6 i	19.0 i	8.1 i	: 
A,PRC_PRR,CPA_F41001_X_410014,NSA,PCH_SM,RS	: 	: 	: 	: 	: 	: 	: 	: 	: 	: 	: 	: 	: 	: 	: 	: 	: 	: 	: 	: 	: 	: 	: 	: 	: 	: 	: 	: 	: 	: 	: 	: 	: 	: 	: 	: 	: 	: 	: 	: 	: 	: 	: 	: 	: 	: 	: 	80.6 i	25.8 i	14.7 i	12.8 i	14.2 i	17.1 i	9.9 i	10.8 i	4.9 i	4.2 i	5.3 i	3.4 i	2.3 i	3.2 i	3.1 i	-1.8 i	3.4 i	5.0 i	6.1 i	1.5 i	8.8 i	15.6 i	8.4 i	: 
A,PRC_PRR,CPA_F41001_X_410014,NSA,PCH_SM,SE	: 	: 	: 	: 	: 	: 	: 	: 	: 	: 	: 	: 	: 	: 	: 	: 	: 	: 	: 	: 	: 	: 	: 	: 	: 	: 	: 	: 	: 	: 	: 	: 	: 	: 	: 	: 	: 	6.0 i	0.7 i	0.5 i	2.4 i	5.5 i	3.6 i	2.4 i	2.8 i	2.5 i	4.0 i	4.5 i	3.3 i	3.4 i	4.0 i	3.8 i	5.0 i	6.1 i	4.9 i	1.9 i	2.6 i	3.0 i	2.6 i	1.6 i	0.9 i	2.3 i	2.1 i	2.7 i	4.0 i	2.7 i	-0.1 i	6.3 i	12.3 i	4.2 i	: 
A,PRC_PRR,CPA_F41001_X_410014,NSA,PCH_SM,SI	: 	: 	: 	: 	: 	: 	: 	: 	: 	: 	: 	: 	: 	: 	: 	: 	: 	: 	: 	: 	: 	: 	: 	: 	: 	: 	: 	: 	: 	: 	: 	: 	: 	: 	: 	: 	: 	: 	: 	: 	: 	: 	: 	: 	: 	6.4 i	8.3 i	11.1 i	3.3 i	5.9 i	7.7 i	4.6 i	6.1 i	6.9 i	6.6 i	-3.1 i	5.6 i	4.7 i	-1.2 i	-1.1 i	-0.5 i	0.6 i	-1.1 i	4.7 i	2.7 i	3.1 i	1.2 i	10.7 i	14.4 i	7.3 i	: 
A,PRC_PRR,CPA_F41001_X_410014,NSA,PCH_SM,SK	: 	: 	: 	: 	: 	: 	: 	: 	: 	: 	: 	: 	: 	: 	: 	: 	: 	: 	: 	: 	: 	: 	: 	: 	: 	: 	: 	: 	: 	: 	: 	: 	: 	: 	: 	: 	: 	: 	: 	: 	: 	: 	14.8 i	9.8 i	8.9 i	11.0 i	9.5 i	6.4 	4.9 	4.3 	7.0 	4.8 	4.0 	4.1 	9.0 	1.4 	0.1 	0.2 	-0.4 	0.2 	1.2 	1.6 	1.1 	2.8 	3.6 	4.4 	3.0 	3.9 	21.3 	11.4 	: 
A,PRC_PRR,CPA_F41001_X_410014,NSA,PCH_SM,TR	: 	: 	: 	: 	: 	: 	: 	: 	: 	: 	: 	: 	: 	: 	: 	: 	: 	: 	: 	: 	: 	: 	: 	: 	: 	: 	: 	: 	: 	: 	: 	: 	: 	: 	: 	: 	: 	: 	: 	: 	: 	: 	: 	: 	: 	: 	: 	55.1 i	36.8 i	21.2 i	14.3 i	9.0 i	15.3 i	8.8 i	13.7 i	-4.0 i	5.6 i	12.3 i	5.5 i	4.8 i	10.6 i	6.1 i	12.7 i	14.5 i	25.1 i	18.0 i	12.9 i	40.6 i	99.7 i	64.0 i	: 
A,PRC_PRR,CPA_F41001_X_410014,NSA,PCH_SM,UA	: 	: 	: 	: 	: 	: 	: 	: 	: 	: 	: 	: 	: 	: 	: 	: 	: 	: 	: 	: 	: 	: 	: 	: 	: 	: 	: 	: 	: 	: 	: 	: 	: 	: 	: 	: 	: 	: 	: 	: 	: 	: 	: 	: 	: 	: 	: 	: 	: 	: 	: 	: 	: 	: 	: 	: 	: 	: 	: 	: 	: 	: 	: 	: 	: 	: 	: 	: 	27.8 i	16.3 i	: 
A,PRC_PRR,CPA_F41001_X_410014,NSA,PCH_SM,UK	: 	: 	: 	: 	: 	: 	: 	: 	: 	: 	: 	: 	: 	: 	: 	: 	: 	: 	: 	: 	: 	: 	: 	: 	: 	: 	: 	: 	: 	: 	: 	: 	: 	: 	: 	: 	: 	: 	: 	: 	6.4 	2.2 	1.4 	5.8 	6.4 	9.5 	6.6 	7.1 	9.9 	5.6 	4.3 	5.5 	5.7 	3.2 	5.2 	2.7 	-0.5 p	1.3 p	2.4 p	2.4 p	3.0 p	0.8 p	3.0 p	4.1 p	3.7 p	3.0 p	: 	: 	: 	: 	: 
